"T","U:0","U:1","U:2","vtkValidPointMask","arc_length","Points:0","Points:1","Points:2"
1,3.53e-06,0,0,1,0,-0.0006,0.0007,0
1,3.5299e-06,2.7003e-10,-9.3325e-25,1,3e-06,-0.000597,0.0007,0
1,3.5299e-06,5.3928e-10,-1.7142e-24,1,6e-06,-0.000594,0.0007,0
1,3.5297e-06,7.9807e-10,-1.627e-24,1,9e-06,-0.000591,0.0007,0
1,3.5295e-06,1.0557e-09,-1.0834e-24,1,1.2e-05,-0.000588,0.0007,0
1,3.5292e-06,1.3029e-09,6.0951e-25,1,1.5e-05,-0.000585,0.0007,0
1,3.5288e-06,1.5551e-09,8.4446e-25,1,1.8e-05,-0.000582,0.0007,0
1,3.5284e-06,1.7926e-09,-8.4953e-25,1,2.1e-05,-0.000579,0.0007,0
1,3.528e-06,2.0226e-09,-2.0597e-24,1,2.4e-05,-0.000576,0.0007,0
1,3.5274e-06,2.2469e-09,-2.912e-24,1,2.7e-05,-0.000573,0.0007,0
1,3.5268e-06,2.4744e-09,-3.2665e-25,1,3e-05,-0.00057,0.0007,0
1,3.5262e-06,2.6944e-09,1.9677e-24,1,3.3e-05,-0.000567,0.0007,0
1,3.5255e-06,2.9035e-09,1.7573e-24,1,3.6e-05,-0.000564,0.0007,0
1,3.5247e-06,3.1426e-09,2.7779e-25,1,3.9e-05,-0.000561,0.0007,0
1,3.5239e-06,3.3434e-09,-1.1038e-24,1,4.2e-05,-0.000558,0.0007,0
1,3.523e-06,3.5276e-09,-2.797e-24,1,4.5e-05,-0.000555,0.0007,0
1,3.5221e-06,3.7062e-09,-2.8e-24,1,4.8e-05,-0.000552,0.0007,0
1,3.5211e-06,3.94e-09,-1.4483e-25,1,5.1e-05,-0.000549,0.0007,0
1,3.5201e-06,4.1122e-09,6.2511e-24,1,5.4e-05,-0.000546,0.0007,0
1,3.519e-06,4.2827e-09,4.0357e-24,1,5.7e-05,-0.000543,0.0007,0
1,3.5179e-06,4.4829e-09,1.9091e-24,1,6e-05,-0.00054,0.0007,0
1,3.5166e-06,4.6572e-09,6.0583e-25,1,6.3e-05,-0.000537,0.0007,0
1,3.5154e-06,4.8202e-09,-5.5268e-25,1,6.6e-05,-0.000534,0.0007,0
1,3.5141e-06,4.9878e-09,-2.3484e-24,1,6.9e-05,-0.000531,0.0007,0
1,3.5128e-06,5.1624e-09,-4.1572e-24,1,7.2e-05,-0.000528,0.0007,0
1,3.5114e-06,5.3171e-09,-5.9838e-24,1,7.5e-05,-0.000525,0.0007,0
1,3.51e-06,5.4707e-09,-2.4019e-24,1,7.8e-05,-0.000522,0.0007,0
1,3.5085e-06,5.6195e-09,1.0285e-24,1,8.1e-05,-0.000519,0.0007,0
1,3.507e-06,5.771e-09,-2.4522e-24,1,8.4e-05,-0.000516,0.0007,0
1,3.5055e-06,5.9073e-09,-3.4858e-24,1,8.7e-05,-0.000513,0.0007,0
1,3.5039e-06,6.0509e-09,-1.7725e-24,1,9e-05,-0.00051,0.0007,0
1,3.5023e-06,6.1819e-09,-4.1104e-25,1,9.3e-05,-0.000507,0.0007,0
1,3.5006e-06,6.3163e-09,1.0559e-24,1,9.6e-05,-0.000504,0.0007,0
1,3.4989e-06,6.444e-09,3.5977e-25,1,9.9e-05,-0.000501,0.0007,0
1,3.4972e-06,6.5607e-09,-2.5949e-25,1,0.000102,-0.000498,0.0007,0
1,3.4954e-06,6.681e-09,-4.8012e-25,1,0.000105,-0.000495,0.0007,0
1,3.4936e-06,6.795e-09,-2.0902e-25,1,0.000108,-0.000492,0.0007,0
1,3.4918e-06,6.9092e-09,6.7567e-25,1,0.000111,-0.000489,0.0007,0
1,3.4899e-06,7.0158e-09,1.2412e-24,1,0.000114,-0.000486,0.0007,0
1,3.4881e-06,7.1232e-09,1.5736e-24,1,0.000117,-0.000483,0.0007,0
1,3.4862e-06,7.2262e-09,8.1099e-25,1,0.00012,-0.00048,0.0007,0
1,3.4842e-06,7.3245e-09,3.3956e-25,1,0.000123,-0.000477,0.0007,0
1,3.4823e-06,7.4224e-09,3.6277e-24,1,0.000126,-0.000474,0.0007,0
1,3.4803e-06,7.5177e-09,5.1613e-24,1,0.000129,-0.000471,0.0007,0
1,3.4783e-06,7.6099e-09,4.6934e-24,1,0.000132,-0.000468,0.0007,0
0.99999,3.4763e-06,7.6902e-09,1.2528e-24,1,0.000135,-0.000465,0.0007,0
0.99999,3.4743e-06,7.7709e-09,-9.8154e-25,1,0.000138,-0.000462,0.0007,0
0.99999,3.4722e-06,7.8489e-09,-1.263e-25,1,0.000141,-0.000459,0.0007,0
0.99999,3.4702e-06,7.9207e-09,-2.8687e-26,1,0.000144,-0.000456,0.0007,0
0.99999,3.4681e-06,7.9896e-09,1.3534e-25,1,0.000147,-0.000453,0.0007,0
0.99999,3.466e-06,8.0548e-09,1.2166e-26,1,0.00015,-0.00045,0.0007,0
0.99999,3.4639e-06,8.1152e-09,4.8188e-25,1,0.000153,-0.000447,0.0007,0
0.99999,3.4618e-06,8.1742e-09,1.2091e-24,1,0.000156,-0.000444,0.0007,0
0.99999,3.4597e-06,8.227e-09,1.0317e-24,1,0.000159,-0.000441,0.0007,0
0.99999,3.4576e-06,8.2764e-09,6.9734e-25,1,0.000162,-0.000438,0.0007,0
0.99999,3.4555e-06,8.3232e-09,1.5763e-25,1,0.000165,-0.000435,0.0007,0
0.99999,3.4533e-06,8.3653e-09,-2.0043e-25,1,0.000168,-0.000432,0.0007,0
0.99999,3.4512e-06,8.4055e-09,-5.4903e-25,1,0.000171,-0.000429,0.0007,0
0.99999,3.4491e-06,8.44e-09,-4.7318e-25,1,0.000174,-0.000426,0.0007,0
1,3.447e-06,8.4722e-09,-3.0264e-25,1,0.000177,-0.000423,0.0007,0
1,3.4448e-06,8.5006e-09,7.5209e-26,1,0.00018,-0.00042,0.0007,0
1,3.4427e-06,8.5239e-09,-5.9167e-27,1,0.000183,-0.000417,0.0007,0
1,3.4406e-06,8.5466e-09,-1.1019e-25,1,0.000186,-0.000414,0.0007,0
1,3.4385e-06,8.5629e-09,-6.4248e-26,1,0.000189,-0.000411,0.0007,0
1,3.4364e-06,8.5755e-09,1.2435e-25,1,0.000192,-0.000408,0.0007,0
1,3.4343e-06,8.5874e-09,3.9077e-25,1,0.000195,-0.000405,0.0007,0
1,3.4322e-06,8.5929e-09,1.5206e-25,1,0.000198,-0.000402,0.0007,0
1,3.4302e-06,8.5944e-09,-2.8913e-26,1,0.000201,-0.000399,0.0007,0
1,3.4281e-06,8.5922e-09,-1.2193e-25,1,0.000204,-0.000396,0.0007,0
1,3.4261e-06,8.5894e-09,-1.1297e-25,1,0.000207,-0.000393,0.0007,0
1,3.4241e-06,8.5794e-09,-6.0551e-26,1,0.00021,-0.00039,0.0007,0
1,3.4221e-06,8.565e-09,-1.1622e-25,1,0.000213,-0.000387,0.0007,0
1,3.4201e-06,8.5521e-09,-9.51e-27,1,0.000216,-0.000384,0.0007,0
1,3.4182e-06,8.5306e-09,6.286e-26,1,0.000219,-0.000381,0.0007,0
1,3.4162e-06,8.5037e-09,3.1019e-25,1,0.000222,-0.000378,0.0007,0
1,3.4143e-06,8.4804e-09,9.45e-26,1,0.000225,-0.000375,0.0007,0
1,3.4124e-06,8.4467e-09,-4.2596e-25,1,0.000228,-0.000372,0.0007,0
1,3.4106e-06,8.4072e-09,-5.8652e-25,1,0.000231,-0.000369,0.0007,0
1,3.4087e-06,8.3727e-09,-5.7622e-25,1,0.000234,-0.000366,0.0007,0
1,3.4069e-06,8.3263e-09,-3.4623e-25,1,0.000237,-0.000363,0.0007,0
1,3.4052e-06,8.2736e-09,-8.3574e-26,1,0.00024,-0.00036,0.0007,0
1,3.4034e-06,8.2271e-09,1.4511e-25,1,0.000243,-0.000357,0.0007,0
1,3.4017e-06,8.1673e-09,4.3111e-25,1,0.000246,-0.000354,0.0007,0
1,3.4e-06,8.1009e-09,9.9582e-26,1,0.000249,-0.000351,0.0007,0
1,3.3984e-06,8.0411e-09,8.3104e-26,1,0.000252,-0.000348,0.0007,0
1,3.3968e-06,7.9668e-09,8.4097e-26,1,0.000255,-0.000345,0.0007,0
1,3.3952e-06,7.8855e-09,8.5051e-26,1,0.000258,-0.000342,0.0007,0
1,3.3936e-06,7.8113e-09,9.9094e-26,1,0.000261,-0.000339,0.0007,0
1,3.3921e-06,7.7275e-09,7.7551e-26,1,0.000264,-0.000336,0.0007,0
1,3.3906e-06,7.6306e-09,-3.2128e-25,1,0.000267,-0.000333,0.0007,0
1,3.3892e-06,7.5347e-09,-1.2804e-25,1,0.00027,-0.00033,0.0007,0
1,3.3878e-06,7.428e-09,2.9888e-25,1,0.000273,-0.000327,0.0007,0
1,3.3864e-06,7.3145e-09,2.9881e-25,1,0.000276,-0.000324,0.0007,0
1,3.3851e-06,7.2085e-09,-8.2463e-27,1,0.000279,-0.000321,0.0007,0
1,3.3838e-06,7.091e-09,-1.9945e-25,1,0.000282,-0.000318,0.0007,0
1,3.3826e-06,6.9601e-09,4.0883e-25,1,0.000285,-0.000315,0.0007,0
1,3.3814e-06,6.8221e-09,1.3033e-25,1,0.000288,-0.000312,0.0007,0
1,3.3802e-06,6.6864e-09,-1.6889e-25,1,0.000291,-0.000309,0.0007,0
1,3.3791e-06,6.5421e-09,-3.5989e-25,1,0.000294,-0.000306,0.0007,0
1,3.378e-06,6.3956e-09,-1.5837e-25,1,0.000297,-0.000303,0.0007,0
1,3.3769e-06,6.2408e-09,1.1117e-25,1,0.0003,-0.0003,0.0007,0
1,3.3759e-06,6.0737e-09,3.3335e-25,1,0.000303,-0.000297,0.0007,0
1,3.375e-06,5.8988e-09,8.8902e-26,1,0.000306,-0.000294,0.0007,0
1,3.374e-06,5.7316e-09,-3.3481e-29,1,0.000309,-0.000291,0.0007,0
1,3.3731e-06,5.552e-09,-8.5155e-27,1,0.000312,-0.000288,0.0007,0
1,3.3722e-06,5.3603e-09,1.338e-25,1,0.000315,-0.000285,0.0007,0
1,3.3714e-06,5.1608e-09,-1.1059e-24,1,0.000318,-0.000282,0.0007,0
1,3.3706e-06,4.9617e-09,-1.6416e-24,1,0.000321,-0.000279,0.0007,0
1,3.3699e-06,4.7615e-09,-1.4304e-24,1,0.000324,-0.000276,0.0007,0
1,3.3692e-06,4.5443e-09,2.6221e-25,1,0.000327,-0.000273,0.0007,0
1,3.3685e-06,4.3218e-09,1.5594e-24,1,0.00033,-0.00027,0.0007,0
1,3.3678e-06,4.0977e-09,1.7901e-24,1,0.000333,-0.000267,0.0007,0
1,3.3672e-06,3.8653e-09,9.7471e-26,1,0.000336,-0.000264,0.0007,0
1,3.3666e-06,3.6298e-09,-1.012e-24,1,0.000339,-0.000261,0.0007,0
1,3.366e-06,3.385e-09,-1.5002e-24,1,0.000342,-0.000258,0.0007,0
1,3.3655e-06,3.1377e-09,-1.2903e-24,1,0.000345,-0.000255,0.0007,0
1,3.3649e-06,2.8799e-09,-1.4029e-25,1,0.000348,-0.000252,0.0007,0
1,3.3644e-06,2.6149e-09,1.7143e-24,1,0.000351,-0.000249,0.0007,0
1,3.3639e-06,2.3418e-09,2.4284e-24,1,0.000354,-0.000246,0.0007,0
1,3.3634e-06,2.0625e-09,1.2513e-24,1,0.000357,-0.000243,0.0007,0
1,3.363e-06,1.7715e-09,-2.5697e-25,1,0.00036,-0.00024,0.0007,0
1,3.3625e-06,1.4721e-09,-7.299e-25,1,0.000363,-0.000237,0.0007,0
1,3.362e-06,1.1666e-09,-9.2407e-25,1,0.000366,-0.000234,0.0007,0
1,3.3615e-06,8.5451e-10,-6.7443e-25,1,0.000369,-0.000231,0.0007,0
1,3.361e-06,5.3769e-10,2.79e-29,1,0.000372,-0.000228,0.0007,0
1,3.3605e-06,2.1103e-10,1.0014e-24,1,0.000375,-0.000225,0.0007,0
1,3.3599e-06,-1.1805e-10,9.1563e-25,1,0.000378,-0.000222,0.0007,0
1,3.3593e-06,-4.4784e-10,-4.5422e-25,1,0.000381,-0.000219,0.0007,0
1,3.3587e-06,-7.8221e-10,-2.2737e-24,1,0.000384,-0.000216,0.0007,0
1,3.358e-06,-1.1255e-09,-2.3262e-24,1,0.000387,-0.000213,0.0007,0
1,3.3573e-06,-1.4684e-09,-1.3362e-24,1,0.00039,-0.00021,0.0007,0
1,3.3565e-06,-1.8134e-09,-3.9436e-25,1,0.000393,-0.000207,0.0007,0
1,3.3556e-06,-2.1601e-09,-4.2694e-25,1,0.000396,-0.000204,0.0007,0
1,3.3546e-06,-2.5135e-09,-1.026e-24,1,0.000399,-0.000201,0.0007,0
1,3.3535e-06,-2.857e-09,5.1805e-25,1,0.000402,-0.000198,0.0007,0
1,3.3523e-06,-3.217e-09,1.3438e-24,1,0.000405,-0.000195,0.0007,0
1,3.3509e-06,-3.5674e-09,5.3948e-25,1,0.000408,-0.000192,0.0007,0
1,3.3494e-06,-3.9132e-09,-1.4609e-24,1,0.000411,-0.000189,0.0007,0
1,3.3477e-06,-4.2653e-09,-1.262e-24,1,0.000414,-0.000186,0.0007,0
1,3.3458e-06,-4.6406e-09,-5.2977e-25,1,0.000417,-0.000183,0.0007,0
1,3.3437e-06,-4.9892e-09,4.7313e-25,1,0.00042,-0.00018,0.0007,0
1,3.3414e-06,-5.2949e-09,9.897e-25,1,0.000423,-0.000177,0.0007,0
1,3.3388e-06,-5.6792e-09,-1.3823e-25,1,0.000426,-0.000174,0.0007,0
1,3.3359e-06,-6.0603e-09,-2.9052e-24,1,0.000429,-0.000171,0.0007,0
1,3.3327e-06,-6.3921e-09,-1.7275e-24,1,0.000432,-0.000168,0.0007,0
1,3.3291e-06,-6.7104e-09,-7.9893e-26,1,0.000435,-0.000165,0.0007,0
1,3.3252e-06,-6.9842e-09,8.1899e-25,1,0.000438,-0.000162,0.0007,0
1,3.3209e-06,-7.3251e-09,3.124e-25,1,0.000441,-0.000159,0.0007,0
1,3.3161e-06,-7.7118e-09,-7.883e-24,1,0.000444,-0.000156,0.0007,0
1,3.3108e-06,-7.9407e-09,-9.8788e-24,1,0.000447,-0.000153,0.0007,0
1,3.305e-06,-8.2951e-09,-4.9895e-24,1,0.00045,-0.00015,0.0007,0
1,3.2986e-06,-8.515e-09,1.5e-24,1,0.000453,-0.000147,0.0007,0
0.99999,3.2917e-06,-8.9064e-09,3.3938e-24,1,0.000456,-0.000144,0.0007,0
0.99998,3.2839e-06,-9.2821e-09,-1.0629e-25,1,0.000459,-0.000141,0.0007,0
0.99998,3.2753e-06,-9.7379e-09,-1.3355e-24,1,0.000462,-0.000138,0.0007,0
0.99999,3.266e-06,-1.0025e-08,-2.2718e-25,1,0.000465,-0.000135,0.0007,0
0.99999,3.2559e-06,-1.0074e-08,6.233e-25,1,0.000468,-0.000132,0.0007,0
0.99999,3.2448e-06,-1.0311e-08,1.2731e-24,1,0.000471,-0.000129,0.0007,0
1,3.2328e-06,-1.0527e-08,1.0976e-24,1,0.000474,-0.000126,0.0007,0
1,3.2197e-06,-1.0912e-08,-3.0979e-25,1,0.000477,-0.000123,0.0007,0
1,3.2055e-06,-1.138e-08,3.1199e-25,1,0.00048,-0.00012,0.0007,0
1,3.1898e-06,-1.1868e-08,4.2912e-25,1,0.000483,-0.000117,0.0007,0
1,3.1727e-06,-1.1822e-08,1.1804e-25,1,0.000486,-0.000114,0.0007,0
1,3.1542e-06,-1.2631e-08,-2.3052e-25,1,0.000489,-0.000111,0.0007,0
1,3.1342e-06,-1.287e-08,-9.6009e-25,1,0.000492,-0.000108,0.0007,0
1,3.1125e-06,-1.3087e-08,-1.2784e-24,1,0.000495,-0.000105,0.0007,0
1,3.089e-06,-1.3261e-08,-2.6875e-25,1,0.000498,-0.000102,0.0007,0
1,3.0637e-06,-1.3392e-08,9.2687e-25,1,0.000501,-9.9e-05,0.0007,0
1,3.0362e-06,-1.3535e-08,-1.1575e-25,1,0.000504,-9.6e-05,0.0007,0
1,3.0065e-06,-1.3867e-08,-4.11e-26,1,0.000507,-9.3e-05,0.0007,0
1,2.9744e-06,-1.4165e-08,3.9217e-25,1,0.00051,-9e-05,0.0007,0
1,2.9399e-06,-1.4513e-08,-2.1214e-25,1,0.000513,-8.7e-05,0.0007,0
1,2.9028e-06,-1.4678e-08,-6.6056e-25,1,0.000516,-8.4e-05,0.0007,0
1,2.8629e-06,-1.3748e-08,-5.5865e-25,1,0.000519,-8.1e-05,0.0007,0
1,2.8201e-06,-1.3725e-08,-5.9803e-25,1,0.000522,-7.8e-05,0.0007,0
1,2.7743e-06,-1.4925e-08,-1.1732e-24,1,0.000525,-7.5e-05,0.0007,0
1,2.7252e-06,-1.4947e-08,-1.1686e-25,1,0.000528,-7.2e-05,0.0007,0
1,2.6727e-06,-1.4945e-08,8.7674e-25,1,0.000531,-6.9e-05,0.0007,0
1,2.6166e-06,-1.4919e-08,2.1997e-25,1,0.000534,-6.6e-05,0.0007,0
1,2.5568e-06,-1.4842e-08,-1.0441e-24,1,0.000537,-6.3e-05,0.0007,0
1,2.4931e-06,-1.475e-08,-1.5587e-24,1,0.00054,-6e-05,0.0007,0
1,2.4254e-06,-1.4599e-08,1.3767e-25,1,0.000543,-5.7e-05,0.0007,0
1,2.3535e-06,-1.4424e-08,5.74e-25,1,0.000546,-5.4e-05,0.0007,0
1,2.2774e-06,-1.4216e-08,-1.029e-24,1,0.000549,-5.1e-05,0.0007,0
1,2.1967e-06,-1.3633e-08,-3.652e-25,1,0.000552,-4.8e-05,0.0007,0
1,2.1119e-06,-1.3728e-08,-4.3761e-26,1,0.000555,-4.5e-05,0.0007,0
1,2.0224e-06,-1.3384e-08,-1.6367e-24,1,0.000558,-4.2e-05,0.0007,0
1,1.9284e-06,-1.3272e-08,-1.655e-24,1,0.000561,-3.9e-05,0.0007,0
1,1.8299e-06,-1.3038e-08,6.7434e-25,1,0.000564,-3.6e-05,0.0007,0
0.99999,1.7272e-06,-1.2483e-08,7.8009e-25,1,0.000567,-3.3e-05,0.0007,0
0.99995,1.6208e-06,-1.2642e-08,5.0072e-27,1,0.00057,-3e-05,0.0007,0
0.99996,1.5101e-06,-1.2687e-08,-2.2912e-25,1,0.000573,-2.7e-05,0.0007,0
1,1.3954e-06,-1.1811e-08,-5.7087e-25,1,0.000576,-2.4e-05,0.0007,0
1,1.278e-06,-1.0984e-08,-9.5341e-27,1,0.000579,-2.1e-05,0.0007,0
1.0001,1.1585e-06,-9.9308e-09,3.8003e-25,1,0.000582,-1.8e-05,0.0007,0
1.0001,1.0373e-06,-8.996e-09,-1.2704e-25,1,0.000585,-1.5e-05,0.0007,0
1.0001,9.1519e-07,-7.9713e-09,-3.2201e-25,1,0.000588,-1.2e-05,0.0007,0
1,7.9328e-07,-7.2231e-09,-2.5476e-25,1,0.000591,-9e-06,0.0007,0
0.99999,6.7354e-07,-6.5778e-09,-7.945e-25,1,0.000594,-6e-06,0.0007,0
1,5.5708e-07,-5.7671e-09,-1.0367e-24,1,0.000597,-3e-06,0.0007,0
1,4.4477e-07,-4.962e-09,-1.2733e-24,1,0.0006,0,0.0007,0
1,3.392e-07,-4.1787e-09,-9.1756e-25,1,0.000603,3e-06,0.0007,0
1,2.4304e-07,-3.5473e-09,-6.5914e-25,1,0.000606,6e-06,0.0007,0
1,1.5864e-07,-2.9786e-09,-6.6178e-25,1,0.000609,9e-06,0.0007,0
0.99996,8.876e-08,-2.5102e-09,1.2029e-25,1,0.000612,1.2e-05,0.0007,0
0.99998,3.7537e-08,-1.1382e-09,-3.6266e-26,1,0.000615,1.5e-05,0.0007,0
1.0002,8.7082e-09,-1.9868e-09,7.1396e-26,1,0.000618,1.8e-05,0.0007,0
nan,nan,nan,nan,0,0.000621,2.1e-05,0.0007,0
nan,nan,nan,nan,0,0.000624,2.4e-05,0.0007,0
nan,nan,nan,nan,0,0.000627,2.7e-05,0.0007,0
nan,nan,nan,nan,0,0.00063,3e-05,0.0007,0
nan,nan,nan,nan,0,0.000633,3.3e-05,0.0007,0
nan,nan,nan,nan,0,0.000636,3.6e-05,0.0007,0
nan,nan,nan,nan,0,0.000639,3.9e-05,0.0007,0
nan,nan,nan,nan,0,0.000642,4.2e-05,0.0007,0
nan,nan,nan,nan,0,0.000645,4.5e-05,0.0007,0
nan,nan,nan,nan,0,0.000648,4.8e-05,0.0007,0
nan,nan,nan,nan,0,0.000651,5.1e-05,0.0007,0
nan,nan,nan,nan,0,0.000654,5.4e-05,0.0007,0
nan,nan,nan,nan,0,0.000657,5.7e-05,0.0007,0
nan,nan,nan,nan,0,0.00066,6e-05,0.0007,0
nan,nan,nan,nan,0,0.000663,6.3e-05,0.0007,0
nan,nan,nan,nan,0,0.000666,6.6e-05,0.0007,0
nan,nan,nan,nan,0,0.000669,6.9e-05,0.0007,0
nan,nan,nan,nan,0,0.000672,7.2e-05,0.0007,0
nan,nan,nan,nan,0,0.000675,7.5e-05,0.0007,0
nan,nan,nan,nan,0,0.000678,7.8e-05,0.0007,0
nan,nan,nan,nan,0,0.000681,8.1e-05,0.0007,0
nan,nan,nan,nan,0,0.000684,8.4e-05,0.0007,0
nan,nan,nan,nan,0,0.000687,8.7e-05,0.0007,0
nan,nan,nan,nan,0,0.00069,9e-05,0.0007,0
nan,nan,nan,nan,0,0.000693,9.3e-05,0.0007,0
nan,nan,nan,nan,0,0.000696,9.6e-05,0.0007,0
nan,nan,nan,nan,0,0.000699,9.9e-05,0.0007,0
nan,nan,nan,nan,0,0.000702,0.000102,0.0007,0
nan,nan,nan,nan,0,0.000705,0.000105,0.0007,0
nan,nan,nan,nan,0,0.000708,0.000108,0.0007,0
nan,nan,nan,nan,0,0.000711,0.000111,0.0007,0
nan,nan,nan,nan,0,0.000714,0.000114,0.0007,0
nan,nan,nan,nan,0,0.000717,0.000117,0.0007,0
nan,nan,nan,nan,0,0.00072,0.00012,0.0007,0
nan,nan,nan,nan,0,0.000723,0.000123,0.0007,0
nan,nan,nan,nan,0,0.000726,0.000126,0.0007,0
nan,nan,nan,nan,0,0.000729,0.000129,0.0007,0
nan,nan,nan,nan,0,0.000732,0.000132,0.0007,0
nan,nan,nan,nan,0,0.000735,0.000135,0.0007,0
nan,nan,nan,nan,0,0.000738,0.000138,0.0007,0
nan,nan,nan,nan,0,0.000741,0.000141,0.0007,0
nan,nan,nan,nan,0,0.000744,0.000144,0.0007,0
nan,nan,nan,nan,0,0.000747,0.000147,0.0007,0
nan,nan,nan,nan,0,0.00075,0.00015,0.0007,0
nan,nan,nan,nan,0,0.000753,0.000153,0.0007,0
nan,nan,nan,nan,0,0.000756,0.000156,0.0007,0
nan,nan,nan,nan,0,0.000759,0.000159,0.0007,0
nan,nan,nan,nan,0,0.000762,0.000162,0.0007,0
nan,nan,nan,nan,0,0.000765,0.000165,0.0007,0
nan,nan,nan,nan,0,0.000768,0.000168,0.0007,0
nan,nan,nan,nan,0,0.000771,0.000171,0.0007,0
nan,nan,nan,nan,0,0.000774,0.000174,0.0007,0
nan,nan,nan,nan,0,0.000777,0.000177,0.0007,0
1.0014,8.2816e-10,-2.4138e-10,8.4358e-26,1,0.00078,0.00018,0.0007,0
1.002,1.3973e-07,-8.1312e-09,1.0446e-24,1,0.000783,0.000183,0.0007,0
1.0025,4.605e-07,1.9365e-08,-1.4693e-23,1,0.000786,0.000186,0.0007,0
1.0031,8.9542e-07,2.1988e-08,-4.7997e-24,1,0.000789,0.000189,0.0007,0
1.0028,1.4243e-06,2.1222e-08,4.2197e-24,1,0.000792,0.000192,0.0007,0
1.0031,2.0186e-06,1.2799e-08,-5.3403e-24,1,0.000795,0.000195,0.0007,0
1.003,2.701e-06,2.4153e-08,2.0227e-23,1,0.000798,0.000198,0.0007,0
1.0029,3.4019e-06,2.2898e-08,2.5807e-24,1,0.000801,0.000201,0.0007,0
1.0037,4.1225e-06,1.9575e-08,-9.78e-24,1,0.000804,0.000204,0.0007,0
1.0028,4.864e-06,1.2497e-08,-1.616e-23,1,0.000807,0.000207,0.0007,0
1.0031,5.612e-06,2.4617e-09,-4.2753e-24,1,0.00081,0.00021,0.0007,0
1.003,6.3656e-06,4.1262e-09,3.4782e-24,1,0.000813,0.000213,0.0007,0
1.0023,7.1118e-06,8.235e-09,2.1714e-23,1,0.000816,0.000216,0.0007,0
1.0027,7.8734e-06,1.1066e-08,5.278e-24,1,0.000819,0.000219,0.0007,0
1.0025,8.6178e-06,2.78e-09,2.4062e-24,1,0.000822,0.000222,0.0007,0
1.0028,9.3757e-06,1.7772e-08,2.1068e-23,1,0.000825,0.000225,0.0007,0
1.0024,1.0102e-05,2.2828e-08,1.7549e-23,1,0.000828,0.000228,0.0007,0
1.0017,1.083e-05,8.1545e-09,8.0061e-24,1,0.000831,0.000231,0.0007,0
1.0026,1.158e-05,4.2224e-09,-6.2061e-24,1,0.000834,0.000234,0.0007,0
1.0024,1.2309e-05,4.3276e-09,-1.1998e-23,1,0.000837,0.000237,0.0007,0
1.002,1.3032e-05,1.4641e-08,9.1295e-24,1,0.00084,0.00024,0.0007,0
1.0022,1.3776e-05,1.7702e-08,1.2724e-23,1,0.000843,0.000243,0.0007,0
1.0019,1.4535e-05,1.4548e-08,2.4044e-24,1,0.000846,0.000246,0.0007,0
1.0019,1.5238e-05,1.6659e-08,-3.0565e-24,1,0.000849,0.000249,0.0007,0
1.0021,1.6008e-05,1.5175e-08,5.6294e-25,1,0.000852,0.000252,0.0007,0
1.0022,1.681e-05,1.431e-08,1.0672e-23,1,0.000855,0.000255,0.0007,0
1.0016,1.7573e-05,1.4119e-08,3.2308e-24,1,0.000858,0.000258,0.0007,0
1.0013,1.8455e-05,2.7024e-08,2.392e-26,1,0.000861,0.000261,0.0007,0
1.0013,1.9186e-05,2.695e-10,2.8945e-24,1,0.000864,0.000264,0.0007,0
1.0014,1.9901e-05,-5.0592e-09,8.4046e-24,1,0.000867,0.000267,0.0007,0
1.0015,2.0616e-05,-3.1772e-09,1.8868e-24,1,0.00087,0.00027,0.0007,0
1.0013,2.1423e-05,-5.0288e-09,-2.4278e-24,1,0.000873,0.000273,0.0007,0
1.001,2.2218e-05,-1.2882e-08,-5.661e-24,1,0.000876,0.000276,0.0007,0
1.0012,2.2877e-05,-1.1836e-08,5.7909e-25,1,0.000879,0.000279,0.0007,0
1.0007,2.3412e-05,-9.2874e-09,1.6006e-24,1,0.000882,0.000282,0.0007,0
1.0007,2.4046e-05,-2.0672e-09,1.5292e-24,1,0.000885,0.000285,0.0007,0
1.0006,2.4521e-05,-3.1315e-08,1.104e-24,1,0.000888,0.000288,0.0007,0
1.0004,2.4974e-05,-2.8436e-08,-4.8915e-26,1,0.000891,0.000291,0.0007,0
1.0007,2.53e-05,-2.2525e-08,-6.9019e-26,1,0.000894,0.000294,0.0007,0
1.0008,2.5512e-05,-1.8847e-08,6.0253e-25,1,0.000897,0.000297,0.0007,0
1.0007,2.558e-05,-1.631e-08,3.1939e-25,1,0.0009,0.0003,0.0007,0
1.0008,2.5503e-05,-1.8257e-08,-1.0487e-24,1,0.000903,0.000303,0.0007,0
1.0003,2.5292e-05,-2.4719e-08,-1.6081e-24,1,0.000906,0.000306,0.0007,0
1.0003,2.497e-05,-3.7132e-08,3.3577e-24,1,0.000909,0.000309,0.0007,0
1.0007,2.456e-05,-1.9526e-08,3.5777e-24,1,0.000912,0.000312,0.0007,0
1.0003,2.4046e-05,-2.4836e-09,3.2738e-25,1,0.000915,0.000315,0.0007,0
1.0003,2.3412e-05,-9.4362e-09,3.7353e-24,1,0.000918,0.000318,0.0007,0
1.0008,2.2811e-05,-2.0096e-08,5.1744e-24,1,0.000921,0.000321,0.0007,0
1.0013,2.2222e-05,-1.2647e-08,-8.7177e-25,1,0.000924,0.000324,0.0007,0
1.0011,2.1421e-05,-4.9762e-09,-1.5533e-24,1,0.000927,0.000327,0.0007,0
1.0009,2.0692e-05,4.6162e-09,2.9059e-24,1,0.00093,0.00033,0.0007,0
1.0004,1.9904e-05,-4.1308e-09,6.8053e-24,1,0.000933,0.000333,0.0007,0
1.0004,1.9212e-05,2.7797e-09,1.1958e-23,1,0.000936,0.000336,0.0007,0
1.0004,1.8455e-05,2.8437e-08,-1.591e-24,1,0.000939,0.000339,0.0007,0
1.0002,1.7574e-05,1.5693e-08,-7.0464e-24,1,0.000942,0.000342,0.0007,0
1.0007,1.6806e-05,1.9002e-08,-5.3109e-24,1,0.000945,0.000345,0.0007,0
1.0007,1.6009e-05,1.6576e-08,1.7387e-24,1,0.000948,0.000348,0.0007,0
1.0006,1.5281e-05,1.682e-08,-3.648e-24,1,0.000951,0.000351,0.0007,0
1.0007,1.4532e-05,1.4593e-08,-9.275e-24,1,0.000954,0.000354,0.0007,0
1.0005,1.3787e-05,1.9943e-08,-1.9324e-24,1,0.000957,0.000357,0.0007,0
1.0002,1.3046e-05,1.7583e-08,3.9361e-24,1,0.00096,0.00036,0.0007,0
1.0005,1.2322e-05,1.0704e-08,-3.0566e-24,1,0.000963,0.000363,0.0007,0
0.99971,1.1577e-05,4.586e-10,2.1233e-24,1,0.000966,0.000366,0.0007,0
0.99996,1.0829e-05,1.1005e-08,9.5722e-24,1,0.000969,0.000369,0.0007,0
1.0004,1.0106e-05,3.1241e-08,4.6734e-24,1,0.000972,0.000372,0.0007,0
0.99982,9.3718e-06,2.1721e-08,-6.7002e-24,1,0.000975,0.000375,0.0007,0
1.0003,8.6207e-06,6.5234e-09,1.2e-23,1,0.000978,0.000378,0.0007,0
0.99999,7.866e-06,1.0113e-08,-2.8957e-24,1,0.000981,0.000381,0.0007,0
0.99991,7.1261e-06,-1.8356e-09,-1.0923e-23,1,0.000984,0.000384,0.0007,0
1.0006,6.3667e-06,2.0454e-08,-1.2454e-23,1,0.000987,0.000387,0.0007,0
1.0006,5.6159e-06,2.6719e-08,-1.6429e-24,1,0.00099,0.00039,0.0007,0
1.0003,4.8707e-06,2.5495e-08,3.1606e-23,1,0.000993,0.000393,0.0007,0
1.0003,4.1312e-06,2.5016e-08,1.2102e-23,1,0.000996,0.000396,0.0007,0
1.0003,3.4071e-06,2.4252e-08,-1.2493e-23,1,0.000999,0.000399,0.0007,0
0.99948,2.7009e-06,3.0296e-08,1.5132e-23,1,0.001002,0.000402,0.0007,0
1.0003,2.052e-06,2.5002e-08,3.3484e-24,1,0.001005,0.000405,0.0007,0
1.0012,1.4385e-06,3.8815e-08,-1.037e-23,1,0.001008,0.000408,0.0007,0
0.9996,8.909e-07,1.2242e-08,-4.1688e-25,1,0.001011,0.000411,0.0007,0
1.0001,4.8034e-07,1.908e-08,3.7011e-24,1,0.001014,0.000414,0.0007,0
1.0013,1.5773e-07,2.1923e-08,2.1877e-24,1,0.001017,0.000417,0.0007,0
1.0022,2.3406e-10,-2.8141e-10,-1.3177e-26,1,0.00102,0.00042,0.0007,0
nan,nan,nan,nan,0,0.001023,0.000423,0.0007,0
nan,nan,nan,nan,0,0.001026,0.000426,0.0007,0
nan,nan,nan,nan,0,0.001029,0.000429,0.0007,0
nan,nan,nan,nan,0,0.001032,0.000432,0.0007,0
nan,nan,nan,nan,0,0.001035,0.000435,0.0007,0
nan,nan,nan,nan,0,0.001038,0.000438,0.0007,0
nan,nan,nan,nan,0,0.001041,0.000441,0.0007,0
nan,nan,nan,nan,0,0.001044,0.000444,0.0007,0
nan,nan,nan,nan,0,0.001047,0.000447,0.0007,0
nan,nan,nan,nan,0,0.00105,0.00045,0.0007,0
nan,nan,nan,nan,0,0.001053,0.000453,0.0007,0
nan,nan,nan,nan,0,0.001056,0.000456,0.0007,0
nan,nan,nan,nan,0,0.001059,0.000459,0.0007,0
nan,nan,nan,nan,0,0.001062,0.000462,0.0007,0
nan,nan,nan,nan,0,0.001065,0.000465,0.0007,0
nan,nan,nan,nan,0,0.001068,0.000468,0.0007,0
nan,nan,nan,nan,0,0.001071,0.000471,0.0007,0
nan,nan,nan,nan,0,0.001074,0.000474,0.0007,0
nan,nan,nan,nan,0,0.001077,0.000477,0.0007,0
nan,nan,nan,nan,0,0.00108,0.00048,0.0007,0
nan,nan,nan,nan,0,0.001083,0.000483,0.0007,0
nan,nan,nan,nan,0,0.001086,0.000486,0.0007,0
nan,nan,nan,nan,0,0.001089,0.000489,0.0007,0
nan,nan,nan,nan,0,0.001092,0.000492,0.0007,0
nan,nan,nan,nan,0,0.001095,0.000495,0.0007,0
nan,nan,nan,nan,0,0.001098,0.000498,0.0007,0
nan,nan,nan,nan,0,0.001101,0.000501,0.0007,0
nan,nan,nan,nan,0,0.001104,0.000504,0.0007,0
nan,nan,nan,nan,0,0.001107,0.000507,0.0007,0
nan,nan,nan,nan,0,0.00111,0.00051,0.0007,0
nan,nan,nan,nan,0,0.001113,0.000513,0.0007,0
nan,nan,nan,nan,0,0.001116,0.000516,0.0007,0
nan,nan,nan,nan,0,0.001119,0.000519,0.0007,0
nan,nan,nan,nan,0,0.001122,0.000522,0.0007,0
nan,nan,nan,nan,0,0.001125,0.000525,0.0007,0
nan,nan,nan,nan,0,0.001128,0.000528,0.0007,0
nan,nan,nan,nan,0,0.001131,0.000531,0.0007,0
nan,nan,nan,nan,0,0.001134,0.000534,0.0007,0
nan,nan,nan,nan,0,0.001137,0.000537,0.0007,0
nan,nan,nan,nan,0,0.00114,0.00054,0.0007,0
nan,nan,nan,nan,0,0.001143,0.000543,0.0007,0
nan,nan,nan,nan,0,0.001146,0.000546,0.0007,0
nan,nan,nan,nan,0,0.001149,0.000549,0.0007,0
nan,nan,nan,nan,0,0.001152,0.000552,0.0007,0
nan,nan,nan,nan,0,0.001155,0.000555,0.0007,0
nan,nan,nan,nan,0,0.001158,0.000558,0.0007,0
nan,nan,nan,nan,0,0.001161,0.000561,0.0007,0
nan,nan,nan,nan,0,0.001164,0.000564,0.0007,0
nan,nan,nan,nan,0,0.001167,0.000567,0.0007,0
nan,nan,nan,nan,0,0.00117,0.00057,0.0007,0
nan,nan,nan,nan,0,0.001173,0.000573,0.0007,0
nan,nan,nan,nan,0,0.001176,0.000576,0.0007,0
nan,nan,nan,nan,0,0.001179,0.000579,0.0007,0
0.99963,1.0496e-07,1.1898e-08,-4.845e-24,1,0.001182,0.000582,0.0007,0
1.0009,3.6275e-07,6.7747e-09,-1.0537e-23,1,0.001185,0.000585,0.0007,0
1.0027,7.418e-07,2.3382e-08,-1.3997e-24,1,0.001188,0.000588,0.0007,0
1.001,1.2526e-06,3.2441e-08,2.5569e-23,1,0.001191,0.000591,0.0007,0
1.0006,1.8396e-06,1.8881e-08,1.5011e-23,1,0.001194,0.000594,0.0007,0
1.0005,2.4761e-06,3.2668e-08,-4.0962e-23,1,0.001197,0.000597,0.0007,0
1.0011,3.1714e-06,2.4481e-08,-2.0442e-23,1,0.0012,0.0006,0.0007,0
1.0011,3.8874e-06,2.2063e-08,9.5407e-24,1,0.001203,0.000603,0.0007,0
1.001,4.6227e-06,2.2433e-08,7.0913e-25,1,0.001206,0.000606,0.0007,0
1.001,5.3662e-06,2.4209e-08,-1.7195e-23,1,0.001209,0.000609,0.0007,0
1.0003,6.1143e-06,2.2329e-08,-2.2696e-23,1,0.001212,0.000612,0.0007,0
1.0008,6.8777e-06,6.56e-09,-6.5067e-24,1,0.001215,0.000615,0.0007,0
1.0012,7.6127e-06,-9.9065e-10,8.1903e-24,1,0.001218,0.000618,0.0007,0
1.0005,8.3756e-06,5.0809e-09,-4.9198e-24,1,0.001221,0.000621,0.0007,0
1.0007,9.1281e-06,1.5686e-08,2.9874e-25,1,0.001224,0.000624,0.0007,0
1.0004,9.8603e-06,2.6413e-08,-6.8776e-24,1,0.001227,0.000627,0.0007,0
0.99989,1.0587e-05,2.4048e-08,-1.3279e-23,1,0.00123,0.00063,0.0007,0
1.0001,1.1323e-05,-5.0229e-09,-2.3816e-24,1,0.001233,0.000633,0.0007,0
1.0006,1.208e-05,9.232e-09,-1.2121e-23,1,0.001236,0.000636,0.0007,0
1.0001,1.28e-05,9.67e-09,-1.1182e-23,1,0.001239,0.000639,0.0007,0
1.0008,1.3533e-05,2.2893e-08,-2.0881e-24,1,0.001242,0.000642,0.0007,0
1.0003,1.4263e-05,1.1864e-08,3.5993e-24,1,0.001245,0.000645,0.0007,0
1.0002,1.5038e-05,1.5354e-08,2.3811e-24,1,0.001248,0.000648,0.0007,0
1.0001,1.5756e-05,1.6525e-08,-5.688e-24,1,0.001251,0.000651,0.0007,0
1.0006,1.6559e-05,1.6689e-08,-1.6044e-23,1,0.001254,0.000654,0.0007,0
1.0003,1.7296e-05,1.0903e-08,-1.2329e-25,1,0.001257,0.000657,0.0007,0
0.99957,1.8199e-05,4.085e-08,-4.6984e-24,1,0.00126,0.00066,0.0007,0
1.0001,1.8945e-05,7.7712e-09,3.0805e-24,1,0.001263,0.000663,0.0007,0
1.0002,1.9697e-05,-4.4393e-09,-8.4904e-25,1,0.001266,0.000666,0.0007,0
1.0002,2.0418e-05,5.7873e-10,8.4586e-24,1,0.001269,0.000669,0.0007,0
1.0003,2.1174e-05,4.5208e-09,-1.7192e-24,1,0.001272,0.000672,0.0007,0
0.99963,2.1982e-05,-2.1939e-09,-2.2383e-24,1,0.001275,0.000675,0.0007,0
1.0002,2.2644e-05,-2.3912e-08,8.8991e-25,1,0.001278,0.000678,0.0007,0
0.9998,2.3183e-05,-8.2566e-09,1.6884e-24,1,0.001281,0.000681,0.0007,0
0.99962,2.3836e-05,-1.394e-08,-6.0839e-25,1,0.001284,0.000684,0.0007,0
0.99954,2.4408e-05,-5.5317e-09,-3.3087e-24,1,0.001287,0.000687,0.0007,0
0.99948,2.4861e-05,-1.9323e-08,2.8189e-24,1,0.00129,0.00069,0.0007,0
0.9996,2.5187e-05,-2.8258e-08,1.5604e-24,1,0.001293,0.000693,0.0007,0
0.9998,2.5431e-05,-2.2027e-08,-1.719e-25,1,0.001296,0.000696,0.0007,0
0.99982,2.5552e-05,-1.8385e-08,3.8744e-25,1,0.001299,0.000699,0.0007,0
0.99988,2.5537e-05,-1.8443e-08,6.4239e-25,1,0.001302,0.000702,0.0007,0
0.99959,2.537e-05,-2.0657e-08,1.227e-25,1,0.001305,0.000705,0.0007,0
0.99947,2.5083e-05,-2.4445e-08,1.9776e-24,1,0.001308,0.000708,0.0007,0
1,2.4654e-05,-3.6773e-08,1.2618e-24,1,0.001311,0.000711,0.0007,0
0.99972,2.4236e-05,1.9329e-09,-3.1391e-24,1,0.001314,0.000714,0.0007,0
0.99928,2.362e-05,-2.461e-08,-3.515e-24,1,0.001317,0.000717,0.0007,0
0.99991,2.3049e-05,-7.4306e-09,2.893e-24,1,0.00132,0.00072,0.0007,0
1.0003,2.242e-05,-2.2623e-08,1.4488e-24,1,0.001323,0.000723,0.0007,0
1.0005,2.1703e-05,-3.5351e-09,-6.4736e-24,1,0.001326,0.000726,0.0007,0
1.0002,2.0895e-05,1.9143e-09,-1.6067e-24,1,0.001329,0.000729,0.0007,0
0.99989,2.0134e-05,-3.2022e-09,-2.0585e-25,1,0.001332,0.000732,0.0007,0
0.99964,1.9475e-05,-3.1039e-09,-2.3771e-24,1,0.001335,0.000735,0.0007,0
0.99988,1.8691e-05,1.5538e-08,-6.0734e-24,1,0.001338,0.000738,0.0007,0
0.99956,1.7892e-05,2.8659e-08,-1.4853e-23,1,0.001341,0.000741,0.0007,0
0.99988,1.7051e-05,1.3416e-08,1.9339e-24,1,0.001344,0.000744,0.0007,0
1.0002,1.6286e-05,1.7284e-08,3.6046e-24,1,0.001347,0.000747,0.0007,0
0.99987,1.5505e-05,1.9044e-08,-9.1612e-25,1,0.00135,0.00075,0.0007,0
0.99972,1.4771e-05,1.8517e-08,3.2949e-24,1,0.001353,0.000753,0.0007,0
1.0004,1.4026e-05,1.7373e-08,1.7379e-24,1,0.001356,0.000756,0.0007,0
0.99934,1.3263e-05,3.2155e-08,-1.0747e-24,1,0.001359,0.000759,0.0007,0
1.0001,1.2553e-05,8.6839e-09,-5.9463e-24,1,0.001362,0.000762,0.0007,0
0.99941,1.1826e-05,8.2824e-09,-1.2579e-23,1,0.001365,0.000765,0.0007,0
0.99863,1.1081e-05,1.0514e-08,-8.3453e-24,1,0.001368,0.000768,0.0007,0
0.99918,1.0343e-05,2.9466e-08,-2.052e-24,1,0.001371,0.000771,0.0007,0
0.99893,9.6173e-06,2.5452e-08,-1.6077e-23,1,0.001374,0.000774,0.0007,0
0.99882,8.8762e-06,1.5685e-08,-1.7001e-23,1,0.001377,0.000777,0.0007,0
0.99892,8.1257e-06,1.3156e-08,-2.1108e-24,1,0.00138,0.00078,0.0007,0
0.99882,7.3657e-06,1.6524e-08,-1.0129e-23,1,0.001383,0.000783,0.0007,0
0.99923,6.6149e-06,1.2774e-08,3.2736e-24,1,0.001386,0.000786,0.0007,0
0.99852,5.8645e-06,7.0127e-09,3.8615e-24,1,0.001389,0.000789,0.0007,0
0.99883,5.111e-06,1.8585e-08,1.2072e-24,1,0.001392,0.000792,0.0007,0
0.99925,4.3696e-06,2.2293e-08,-3.6838e-24,1,0.001395,0.000795,0.0007,0
0.99817,3.6383e-06,2.8386e-08,-2.0981e-24,1,0.001398,0.000798,0.0007,0
0.99882,2.933e-06,3.1383e-08,7.0064e-24,1,0.001401,0.000801,0.0007,0
0.99922,2.2316e-06,1.1971e-08,-4.415e-26,1,0.001404,0.000804,0.0007,0
1.0004,1.6142e-06,2.5092e-08,-1.8107e-24,1,0.001407,0.000807,0.0007,0
0.99959,1.0595e-06,3.4382e-08,3.6057e-24,1,0.00141,0.00081,0.0007,0
1.0001,5.8572e-07,2.5992e-08,5.2558e-24,1,0.001413,0.000813,0.0007,0
1.0005,2.3938e-07,-1.2385e-09,9.8629e-25,1,0.001416,0.000816,0.0007,0
1.0011,3.402e-08,-9.3763e-09,3.8403e-24,1,0.001419,0.000819,0.0007,0
nan,nan,nan,nan,0,0.001422,0.000822,0.0007,0
nan,nan,nan,nan,0,0.001425,0.000825,0.0007,0
nan,nan,nan,nan,0,0.001428,0.000828,0.0007,0
nan,nan,nan,nan,0,0.001431,0.000831,0.0007,0
nan,nan,nan,nan,0,0.001434,0.000834,0.0007,0
nan,nan,nan,nan,0,0.001437,0.000837,0.0007,0
nan,nan,nan,nan,0,0.00144,0.00084,0.0007,0
nan,nan,nan,nan,0,0.001443,0.000843,0.0007,0
nan,nan,nan,nan,0,0.001446,0.000846,0.0007,0
nan,nan,nan,nan,0,0.001449,0.000849,0.0007,0
nan,nan,nan,nan,0,0.001452,0.000852,0.0007,0
nan,nan,nan,nan,0,0.001455,0.000855,0.0007,0
nan,nan,nan,nan,0,0.001458,0.000858,0.0007,0
nan,nan,nan,nan,0,0.001461,0.000861,0.0007,0
nan,nan,nan,nan,0,0.001464,0.000864,0.0007,0
nan,nan,nan,nan,0,0.001467,0.000867,0.0007,0
nan,nan,nan,nan,0,0.00147,0.00087,0.0007,0
nan,nan,nan,nan,0,0.001473,0.000873,0.0007,0
nan,nan,nan,nan,0,0.001476,0.000876,0.0007,0
nan,nan,nan,nan,0,0.001479,0.000879,0.0007,0
nan,nan,nan,nan,0,0.001482,0.000882,0.0007,0
nan,nan,nan,nan,0,0.001485,0.000885,0.0007,0
nan,nan,nan,nan,0,0.001488,0.000888,0.0007,0
nan,nan,nan,nan,0,0.001491,0.000891,0.0007,0
nan,nan,nan,nan,0,0.001494,0.000894,0.0007,0
nan,nan,nan,nan,0,0.001497,0.000897,0.0007,0
nan,nan,nan,nan,0,0.0015,0.0009,0.0007,0
nan,nan,nan,nan,0,0.001503,0.000903,0.0007,0
nan,nan,nan,nan,0,0.001506,0.000906,0.0007,0
nan,nan,nan,nan,0,0.001509,0.000909,0.0007,0
nan,nan,nan,nan,0,0.001512,0.000912,0.0007,0
nan,nan,nan,nan,0,0.001515,0.000915,0.0007,0
nan,nan,nan,nan,0,0.001518,0.000918,0.0007,0
nan,nan,nan,nan,0,0.001521,0.000921,0.0007,0
nan,nan,nan,nan,0,0.001524,0.000924,0.0007,0
nan,nan,nan,nan,0,0.001527,0.000927,0.0007,0
nan,nan,nan,nan,0,0.00153,0.00093,0.0007,0
nan,nan,nan,nan,0,0.001533,0.000933,0.0007,0
nan,nan,nan,nan,0,0.001536,0.000936,0.0007,0
nan,nan,nan,nan,0,0.001539,0.000939,0.0007,0
nan,nan,nan,nan,0,0.001542,0.000942,0.0007,0
nan,nan,nan,nan,0,0.001545,0.000945,0.0007,0
nan,nan,nan,nan,0,0.001548,0.000948,0.0007,0
nan,nan,nan,nan,0,0.001551,0.000951,0.0007,0
nan,nan,nan,nan,0,0.001554,0.000954,0.0007,0
nan,nan,nan,nan,0,0.001557,0.000957,0.0007,0
nan,nan,nan,nan,0,0.00156,0.00096,0.0007,0
nan,nan,nan,nan,0,0.001563,0.000963,0.0007,0
nan,nan,nan,nan,0,0.001566,0.000966,0.0007,0
nan,nan,nan,nan,0,0.001569,0.000969,0.0007,0
nan,nan,nan,nan,0,0.001572,0.000972,0.0007,0
nan,nan,nan,nan,0,0.001575,0.000975,0.0007,0
nan,nan,nan,nan,0,0.001578,0.000978,0.0007,0
0.99896,5.6303e-08,-2.9084e-08,1.3406e-24,1,0.001581,0.000981,0.0007,0
0.99983,2.6151e-07,2.0555e-08,6.4411e-24,1,0.001584,0.000984,0.0007,0
0.9999,6.0528e-07,3.0565e-08,6.0326e-24,1,0.001587,0.000987,0.0007,0
0.99957,1.0679e-06,-8.4601e-09,-1.04e-24,1,0.00159,0.00099,0.0007,0
0.99983,1.6257e-06,1.8574e-08,-4.6755e-24,1,0.001593,0.000993,0.0007,0
1.0028,2.2444e-06,3.495e-08,-1.1832e-23,1,0.001596,0.000996,0.0007,0
1.0016,2.93e-06,1.3601e-08,-7.1179e-24,1,0.001599,0.000999,0.0007,0
1.0009,3.636e-06,3.2102e-09,-1.2997e-23,1,0.001602,0.001002,0.0007,0
1.0009,4.3685e-06,-1.4237e-09,1.8681e-24,1,0.001605,0.001005,0.0007,0
1.0011,5.1098e-06,-7.4164e-10,2.0199e-25,1,0.001608,0.001008,0.0007,0
1.0015,5.8543e-06,-6.4726e-10,2.1722e-24,1,0.001611,0.001011,0.0007,0
1.0009,6.5936e-06,-3.3646e-09,-3.771e-24,1,0.001614,0.001014,0.0007,0
1.0007,7.347e-06,-5.2107e-09,-2.0146e-24,1,0.001617,0.001017,0.0007,0
1.0004,8.0991e-06,-1.2095e-08,2.0404e-24,1,0.00162,0.00102,0.0007,0
1.0017,8.8458e-06,-1.0875e-08,-6.2352e-25,1,0.001623,0.001023,0.0007,0
1.0014,9.5829e-06,1.5631e-09,-5.5417e-24,1,0.001626,0.001026,0.0007,0
1.0005,1.0322e-05,1.2205e-09,-2.1584e-24,1,0.001629,0.001029,0.0007,0
1.0008,1.1049e-05,-8.1892e-09,8.3074e-24,1,0.001632,0.001032,0.0007,0
1.001,1.1765e-05,-1.4852e-08,5.5256e-24,1,0.001635,0.001035,0.0007,0
1.0008,1.2489e-05,4.3534e-09,3.1461e-24,1,0.001638,0.001038,0.0007,0
1.0007,1.3244e-05,4.8828e-09,1.1454e-23,1,0.001641,0.001041,0.0007,0
1.001,1.3958e-05,8.9947e-09,1.0013e-23,1,0.001644,0.001044,0.0007,0
1.0011,1.4739e-05,1.9151e-08,1.4507e-24,1,0.001647,0.001047,0.0007,0
1.0011,1.5549e-05,3.2642e-08,-4.1977e-24,1,0.00165,0.00105,0.0007,0
1.0006,1.626e-05,2.7807e-08,1.3606e-24,1,0.001653,0.001053,0.0007,0
1.0004,1.7048e-05,1.9713e-08,4.4244e-24,1,0.001656,0.001056,0.0007,0
1.0008,1.778e-05,1.7044e-08,4.3763e-26,1,0.001659,0.001059,0.0007,0
1.0007,1.8596e-05,1.9989e-08,-1.7347e-24,1,0.001662,0.001062,0.0007,0
1.0005,1.9399e-05,4.1109e-08,6.236e-25,1,0.001665,0.001065,0.0007,0
1.0004,2.0196e-05,1.936e-08,-2.3872e-24,1,0.001668,0.001068,0.0007,0
1.0003,2.086e-05,3.9641e-09,-4.0903e-25,1,0.001671,0.001071,0.0007,0
1,2.1755e-05,7.1274e-10,-2.149e-24,1,0.001674,0.001074,0.0007,0
1.0004,2.244e-05,-1.4596e-08,3.9421e-24,1,0.001677,0.001077,0.0007,0
1.0006,2.3099e-05,-1.181e-08,1.4853e-24,1,0.00168,0.00108,0.0007,0
0.99986,2.3665e-05,-1.5446e-08,-1.0133e-24,1,0.001683,0.001083,0.0007,0
0.99985,2.419e-05,-2.1919e-08,2.4816e-24,1,0.001686,0.001086,0.0007,0
0.99958,2.4664e-05,-2.1439e-08,1.2133e-24,1,0.001689,0.001089,0.0007,0
0.99961,2.5024e-05,-3.8859e-08,1.4548e-25,1,0.001692,0.001092,0.0007,0
0.99962,2.5277e-05,-9.8113e-09,1.0077e-25,1,0.001695,0.001095,0.0007,0
0.99968,2.5416e-05,-4.3336e-08,-5.9242e-26,1,0.001698,0.001098,0.0007,0
0.99968,2.5436e-05,7.3684e-10,4.8247e-26,1,0.001701,0.001101,0.0007,0
0.99968,2.5334e-05,4.6776e-10,1.8606e-25,1,0.001704,0.001104,0.0007,0
0.99965,2.5115e-05,-7.2016e-09,-1.1334e-25,1,0.001707,0.001107,0.0007,0
0.99974,2.4785e-05,-1.5706e-08,-7.5227e-26,1,0.00171,0.00111,0.0007,0
0.99948,2.4352e-05,-2.0222e-08,6.0796e-25,1,0.001713,0.001113,0.0007,0
0.99932,2.3844e-05,-6.2894e-08,1.475e-24,1,0.001716,0.001116,0.0007,0
0.99987,2.3264e-05,-3.7382e-08,1.2679e-24,1,0.001719,0.001119,0.0007,0
1.0001,2.2623e-05,-3.826e-08,2.0149e-25,1,0.001722,0.001122,0.0007,0
0.99969,2.1963e-05,-3.0616e-08,-6.4613e-24,1,0.001725,0.001125,0.0007,0
0.99987,2.1211e-05,-8.7267e-09,-8.7359e-25,1,0.001728,0.001128,0.0007,0
0.9991,2.0454e-05,-4.0375e-08,5.3707e-24,1,0.001731,0.001131,0.0007,0
0.99983,1.9709e-05,-1.5533e-08,-2.4564e-24,1,0.001734,0.001134,0.0007,0
1,1.8819e-05,-1.3759e-09,-6.6291e-24,1,0.001737,0.001137,0.0007,0
0.99997,1.8064e-05,1.7797e-08,-6.3782e-24,1,0.00174,0.00114,0.0007,0
0.99975,1.732e-05,2.5215e-08,-2.2275e-24,1,0.001743,0.001143,0.0007,0
0.99942,1.6508e-05,2.5838e-08,2.2391e-24,1,0.001746,0.001146,0.0007,0
0.99916,1.576e-05,2.9662e-08,4.0004e-25,1,0.001749,0.001149,0.0007,0
0.9991,1.4992e-05,3.6081e-08,2.0301e-24,1,0.001752,0.001152,0.0007,0
0.99849,1.4254e-05,2.7067e-08,6.3307e-24,1,0.001755,0.001155,0.0007,0
0.99872,1.3502e-05,3.2742e-08,4.4283e-24,1,0.001758,0.001158,0.0007,0
0.99899,1.2759e-05,3.4337e-08,4.4559e-24,1,0.001761,0.001161,0.0007,0
0.99907,1.202e-05,3.2535e-08,2.9177e-24,1,0.001764,0.001164,0.0007,0
0.99938,1.13e-05,2.9671e-08,-3.6007e-24,1,0.001767,0.001167,0.0007,0
0.99889,1.056e-05,3.0877e-08,-6.6678e-24,1,0.00177,0.00117,0.0007,0
0.99914,9.8362e-06,5.4123e-08,3.2128e-24,1,0.001773,0.001173,0.0007,0
0.99994,9.0851e-06,3.5795e-08,5.0776e-24,1,0.001776,0.001176,0.0007,0
0.99997,8.3465e-06,1.9477e-08,4.8546e-24,1,0.001779,0.001179,0.0007,0
0.99914,7.6007e-06,2.0811e-08,-4.782e-25,1,0.001782,0.001182,0.0007,0
0.99925,6.8491e-06,2.6882e-08,-7.0483e-24,1,0.001785,0.001185,0.0007,0
0.99907,6.1017e-06,3.1224e-08,-1.005e-23,1,0.001788,0.001188,0.0007,0
0.99888,5.3567e-06,3.1598e-08,-3.861e-24,1,0.001791,0.001191,0.0007,0
0.99894,4.6165e-06,2.9187e-08,-6.6566e-25,1,0.001794,0.001194,0.0007,0
0.99906,3.8795e-06,2.444e-08,2.766e-24,1,0.001797,0.001197,0.0007,0
0.99894,3.1613e-06,2.515e-08,2.1027e-24,1,0.0018,0.0012,0.0007,0
0.99914,2.4761e-06,3.1474e-08,-3.7946e-24,1,0.001803,0.001203,0.0007,0
0.99875,1.8368e-06,2.7127e-08,-1.1984e-24,1,0.001806,0.001206,0.0007,0
1.0012,1.2437e-06,-1.9193e-08,3.2944e-25,1,0.001809,0.001209,0.0007,0
0.99965,7.4237e-07,2.9172e-08,-3.0094e-24,1,0.001812,0.001212,0.0007,0
1.0007,3.4724e-07,2.3269e-08,3.317e-25,1,0.001815,0.001215,0.0007,0
1.0016,9.3085e-08,-8.2332e-09,-3.4768e-25,1,0.001818,0.001218,0.0007,0
nan,nan,nan,nan,0,0.001821,0.001221,0.0007,0
nan,nan,nan,nan,0,0.001824,0.001224,0.0007,0
nan,nan,nan,nan,0,0.001827,0.001227,0.0007,0
nan,nan,nan,nan,0,0.00183,0.00123,0.0007,0
nan,nan,nan,nan,0,0.001833,0.001233,0.0007,0
nan,nan,nan,nan,0,0.001836,0.001236,0.0007,0
nan,nan,nan,nan,0,0.001839,0.001239,0.0007,0
nan,nan,nan,nan,0,0.001842,0.001242,0.0007,0
nan,nan,nan,nan,0,0.001845,0.001245,0.0007,0
nan,nan,nan,nan,0,0.001848,0.001248,0.0007,0
nan,nan,nan,nan,0,0.001851,0.001251,0.0007,0
nan,nan,nan,nan,0,0.001854,0.001254,0.0007,0
nan,nan,nan,nan,0,0.001857,0.001257,0.0007,0
nan,nan,nan,nan,0,0.00186,0.00126,0.0007,0
nan,nan,nan,nan,0,0.001863,0.001263,0.0007,0
nan,nan,nan,nan,0,0.001866,0.001266,0.0007,0
nan,nan,nan,nan,0,0.001869,0.001269,0.0007,0
nan,nan,nan,nan,0,0.001872,0.001272,0.0007,0
nan,nan,nan,nan,0,0.001875,0.001275,0.0007,0
nan,nan,nan,nan,0,0.001878,0.001278,0.0007,0
nan,nan,nan,nan,0,0.001881,0.001281,0.0007,0
nan,nan,nan,nan,0,0.001884,0.001284,0.0007,0
nan,nan,nan,nan,0,0.001887,0.001287,0.0007,0
nan,nan,nan,nan,0,0.00189,0.00129,0.0007,0
nan,nan,nan,nan,0,0.001893,0.001293,0.0007,0
nan,nan,nan,nan,0,0.001896,0.001296,0.0007,0
nan,nan,nan,nan,0,0.001899,0.001299,0.0007,0
nan,nan,nan,nan,0,0.001902,0.001302,0.0007,0
nan,nan,nan,nan,0,0.001905,0.001305,0.0007,0
nan,nan,nan,nan,0,0.001908,0.001308,0.0007,0
nan,nan,nan,nan,0,0.001911,0.001311,0.0007,0
nan,nan,nan,nan,0,0.001914,0.001314,0.0007,0
nan,nan,nan,nan,0,0.001917,0.001317,0.0007,0
nan,nan,nan,nan,0,0.00192,0.00132,0.0007,0
nan,nan,nan,nan,0,0.001923,0.001323,0.0007,0
nan,nan,nan,nan,0,0.001926,0.001326,0.0007,0
nan,nan,nan,nan,0,0.001929,0.001329,0.0007,0
nan,nan,nan,nan,0,0.001932,0.001332,0.0007,0
nan,nan,nan,nan,0,0.001935,0.001335,0.0007,0
nan,nan,nan,nan,0,0.001938,0.001338,0.0007,0
nan,nan,nan,nan,0,0.001941,0.001341,0.0007,0
nan,nan,nan,nan,0,0.001944,0.001344,0.0007,0
nan,nan,nan,nan,0,0.001947,0.001347,0.0007,0
nan,nan,nan,nan,0,0.00195,0.00135,0.0007,0
nan,nan,nan,nan,0,0.001953,0.001353,0.0007,0
nan,nan,nan,nan,0,0.001956,0.001356,0.0007,0
nan,nan,nan,nan,0,0.001959,0.001359,0.0007,0
nan,nan,nan,nan,0,0.001962,0.001362,0.0007,0
nan,nan,nan,nan,0,0.001965,0.001365,0.0007,0
nan,nan,nan,nan,0,0.001968,0.001368,0.0007,0
nan,nan,nan,nan,0,0.001971,0.001371,0.0007,0
nan,nan,nan,nan,0,0.001974,0.001374,0.0007,0
nan,nan,nan,nan,0,0.001977,0.001377,0.0007,0
0.99476,1.1958e-09,-8.6955e-10,-1.7752e-26,1,0.00198,0.00138,0.0007,0
0.99754,1.6206e-07,2.048e-08,-5.1903e-26,1,0.001983,0.001383,0.0007,0
0.99894,4.8516e-07,2.8388e-08,4.9512e-24,1,0.001986,0.001386,0.0007,0
0.99726,9.2089e-07,2.3187e-09,3.5775e-24,1,0.001989,0.001389,0.0007,0
0.99595,1.4496e-06,-3.5279e-09,3.2503e-24,1,0.001992,0.001392,0.0007,0
0.99641,2.0552e-06,2.3845e-08,3.987e-25,1,0.001995,0.001395,0.0007,0
1.0009,2.6903e-06,4.3914e-08,2.5975e-24,1,0.001998,0.001398,0.0007,0
0.99693,3.3947e-06,1.9107e-08,5.2362e-24,1,0.002001,0.001401,0.0007,0
0.99682,4.1265e-06,8.8503e-09,-2.3108e-24,1,0.002004,0.001404,0.0007,0
0.99706,4.866e-06,9.4049e-09,-3.1047e-24,1,0.002007,0.001407,0.0007,0
0.99798,5.6089e-06,1.2023e-08,4.4847e-24,1,0.00201,0.00141,0.0007,0
0.99767,6.3524e-06,1.1288e-08,-1.6369e-25,1,0.002013,0.001413,0.0007,0
0.9973,7.1e-06,7.1436e-09,2.4041e-24,1,0.002016,0.001416,0.0007,0
0.99701,7.854e-06,7.2592e-10,5.364e-24,1,0.002019,0.001419,0.0007,0
0.99772,8.6066e-06,-1.8779e-09,2.1928e-24,1,0.002022,0.001422,0.0007,0
0.99817,9.3427e-06,3.8654e-09,-3.1979e-24,1,0.002025,0.001425,0.0007,0
0.99733,1.0084e-05,2.0263e-08,-3.6824e-24,1,0.002028,0.001428,0.0007,0
0.99726,1.0817e-05,-5.6034e-09,-7.973e-25,1,0.002031,0.001431,0.0007,0
0.99776,1.1543e-05,-1.265e-08,-2.6528e-24,1,0.002034,0.001434,0.0007,0
0.99796,1.2269e-05,-1.1116e-08,6.6703e-25,1,0.002037,0.001437,0.0007,0
0.99751,1.3008e-05,-2.8813e-09,4.4223e-24,1,0.00204,0.00144,0.0007,0
0.99818,1.3746e-05,3.5159e-10,4.9153e-24,1,0.002043,0.001443,0.0007,0
0.99803,1.4505e-05,5.6058e-09,9.5433e-26,1,0.002046,0.001446,0.0007,0
0.99808,1.5295e-05,1.3196e-08,-2.1663e-24,1,0.002049,0.001449,0.0007,0
0.99755,1.6068e-05,1.6336e-08,3.2627e-25,1,0.002052,0.001452,0.0007,0
0.99721,1.68e-05,2.0504e-09,3.4921e-24,1,0.002055,0.001455,0.0007,0
0.99786,1.7603e-05,-5.3731e-09,-3.4389e-24,1,0.002058,0.001458,0.0007,0
0.99777,1.8365e-05,-5.6751e-09,-1.9118e-24,1,0.002061,0.001461,0.0007,0
0.99767,1.916e-05,8.2383e-09,7.9442e-25,1,0.002064,0.001464,0.0007,0
0.99786,1.9955e-05,9.2523e-10,-1.4565e-24,1,0.002067,0.001467,0.0007,0
0.99715,2.0711e-05,-2.7381e-09,6.4865e-28,1,0.00207,0.00147,0.0007,0
0.9966,2.1486e-05,-5.1685e-10,-8.872e-25,1,0.002073,0.001473,0.0007,0
0.99606,2.2234e-05,-1.1623e-08,-1.0957e-24,1,0.002076,0.001476,0.0007,0
0.99789,2.2912e-05,1.4698e-08,-9.545e-25,1,0.002079,0.001479,0.0007,0
0.9968,2.3467e-05,1.6496e-08,-9.0701e-26,1,0.002082,0.001482,0.0007,0
0.99622,2.404e-05,1.7027e-08,-3.659e-25,1,0.002085,0.001485,0.0007,0
0.99617,2.4541e-05,2.2157e-08,-6.3303e-25,1,0.002088,0.001488,0.0007,0
0.99549,2.4977e-05,2.9558e-08,-3.0446e-26,1,0.002091,0.001491,0.0007,0
0.99576,2.5291e-05,3.3475e-08,3.8341e-25,1,0.002094,0.001494,0.0007,0
0.99605,2.5472e-05,3.4762e-08,2.6442e-25,1,0.002097,0.001497,0.0007,0
0.99619,2.5542e-05,3.6179e-08,1.6541e-25,1,0.0021,0.0015,0.0007,0
0.99611,2.5476e-05,3.5401e-08,-2.0586e-26,1,0.002103,0.001503,0.0007,0
0.99591,2.5287e-05,3.1439e-08,-5.5309e-25,1,0.002106,0.001506,0.0007,0
0.99643,2.4988e-05,2.2732e-08,-9.6766e-25,1,0.002109,0.001509,0.0007,0
0.99727,2.4537e-05,2.2213e-08,-5.3829e-25,1,0.002112,0.001512,0.0007,0
0.99683,2.4038e-05,1.738e-08,1.2366e-24,1,0.002115,0.001515,0.0007,0
0.99646,2.3475e-05,1.8238e-08,6.9143e-25,1,0.002118,0.001518,0.0007,0
0.9958,2.2927e-05,1.7867e-08,-7.1715e-25,1,0.002121,0.001521,0.0007,0
0.99551,2.2232e-05,-1.1955e-08,5.8388e-25,1,0.002124,0.001524,0.0007,0
0.99607,2.1487e-05,-4.9067e-10,2.1678e-25,1,0.002127,0.001527,0.0007,0
0.99628,2.0712e-05,-3.3015e-09,-4.7005e-25,1,0.00213,0.00153,0.0007,0
0.99601,1.9989e-05,4.2036e-09,-1.3553e-25,1,0.002133,0.001533,0.0007,0
0.99546,1.916e-05,7.5028e-09,9.332e-25,1,0.002136,0.001536,0.0007,0
0.99604,1.833e-05,-6.6911e-09,2.7548e-26,1,0.002139,0.001539,0.0007,0
0.99553,1.7603e-05,-6.5013e-09,-5.1399e-26,1,0.002142,0.001542,0.0007,0
0.99629,1.68e-05,1.7521e-10,-1.1345e-24,1,0.002145,0.001545,0.0007,0
0.99599,1.6068e-05,1.3596e-08,-1.9502e-25,1,0.002148,0.001548,0.0007,0
0.99557,1.5299e-05,8.8855e-09,1.1343e-24,1,0.002151,0.001551,0.0007,0
0.99551,1.4505e-05,1.6632e-09,8.2069e-25,1,0.002154,0.001554,0.0007,0
0.99463,1.375e-05,-5.1253e-09,2.6462e-24,1,0.002157,0.001557,0.0007,0
0.9948,1.3008e-05,-8.1244e-09,8.1079e-25,1,0.00216,0.00156,0.0007,0
0.99493,1.2269e-05,-1.6901e-08,1.1014e-24,1,0.002163,0.001563,0.0007,0
0.99481,1.1543e-05,-1.9315e-08,1.9996e-24,1,0.002166,0.001566,0.0007,0
0.99519,1.0817e-05,-1.2604e-08,4.2753e-25,1,0.002169,0.001569,0.0007,0
0.99585,1.0085e-05,1.2396e-08,-3.6004e-24,1,0.002172,0.001572,0.0007,0
0.9955,9.343e-06,-4.4279e-09,6.1027e-26,1,0.002175,0.001575,0.0007,0
0.99466,8.6065e-06,-1.0623e-08,2.7208e-24,1,0.002178,0.001578,0.0007,0
0.99515,7.8539e-06,-8.3067e-09,1.7261e-24,1,0.002181,0.001581,0.0007,0
0.99526,7.0998e-06,-2.2376e-09,4.4446e-25,1,0.002184,0.001584,0.0007,0
0.99492,6.3524e-06,1.775e-09,4.8656e-25,1,0.002187,0.001587,0.0007,0
0.99491,5.6089e-06,2.5194e-09,4.7487e-25,1,0.00219,0.00159,0.0007,0
0.99498,4.8661e-06,2.8764e-11,-6.077e-25,1,0.002193,0.001593,0.0007,0
0.9954,4.1266e-06,-2.3003e-10,-2.8613e-24,1,0.002196,0.001596,0.0007,0
0.9959,3.3948e-06,1.0465e-08,-2.3314e-24,1,0.002199,0.001599,0.0007,0
0.99139,2.6903e-06,3.5909e-08,-2.2526e-24,1,0.002202,0.001602,0.0007,0
0.99477,2.0553e-06,1.661e-08,3.9893e-25,1,0.002205,0.001605,0.0007,0
0.99554,1.4497e-06,-9.7161e-09,4.689e-26,1,0.002208,0.001608,0.0007,0
0.99509,9.2091e-07,-2.696e-09,-1.9292e-24,1,0.002211,0.001611,0.0007,0
0.9926,4.8514e-07,2.4773e-08,-1.3018e-24,1,0.002214,0.001614,0.0007,0
0.99334,1.6202e-07,1.8529e-08,5.6198e-25,1,0.002217,0.001617,0.0007,0
0.99554,1.1907e-09,-8.8174e-10,3.9713e-27,1,0.00222,0.00162,0.0007,0
nan,nan,nan,nan,0,0.002223,0.001623,0.0007,0
nan,nan,nan,nan,0,0.002226,0.001626,0.0007,0
nan,nan,nan,nan,0,0.002229,0.001629,0.0007,0
nan,nan,nan,nan,0,0.002232,0.001632,0.0007,0
nan,nan,nan,nan,0,0.002235,0.001635,0.0007,0
nan,nan,nan,nan,0,0.002238,0.001638,0.0007,0
nan,nan,nan,nan,0,0.002241,0.001641,0.0007,0
nan,nan,nan,nan,0,0.002244,0.001644,0.0007,0
nan,nan,nan,nan,0,0.002247,0.001647,0.0007,0
nan,nan,nan,nan,0,0.00225,0.00165,0.0007,0
nan,nan,nan,nan,0,0.002253,0.001653,0.0007,0
nan,nan,nan,nan,0,0.002256,0.001656,0.0007,0
nan,nan,nan,nan,0,0.002259,0.001659,0.0007,0
nan,nan,nan,nan,0,0.002262,0.001662,0.0007,0
nan,nan,nan,nan,0,0.002265,0.001665,0.0007,0
nan,nan,nan,nan,0,0.002268,0.001668,0.0007,0
nan,nan,nan,nan,0,0.002271,0.001671,0.0007,0
nan,nan,nan,nan,0,0.002274,0.001674,0.0007,0
nan,nan,nan,nan,0,0.002277,0.001677,0.0007,0
nan,nan,nan,nan,0,0.00228,0.00168,0.0007,0
nan,nan,nan,nan,0,0.002283,0.001683,0.0007,0
nan,nan,nan,nan,0,0.002286,0.001686,0.0007,0
nan,nan,nan,nan,0,0.002289,0.001689,0.0007,0
nan,nan,nan,nan,0,0.002292,0.001692,0.0007,0
nan,nan,nan,nan,0,0.002295,0.001695,0.0007,0
nan,nan,nan,nan,0,0.002298,0.001698,0.0007,0
nan,nan,nan,nan,0,0.002301,0.001701,0.0007,0
nan,nan,nan,nan,0,0.002304,0.001704,0.0007,0
nan,nan,nan,nan,0,0.002307,0.001707,0.0007,0
nan,nan,nan,nan,0,0.00231,0.00171,0.0007,0
nan,nan,nan,nan,0,0.002313,0.001713,0.0007,0
nan,nan,nan,nan,0,0.002316,0.001716,0.0007,0
nan,nan,nan,nan,0,0.002319,0.001719,0.0007,0
nan,nan,nan,nan,0,0.002322,0.001722,0.0007,0
nan,nan,nan,nan,0,0.002325,0.001725,0.0007,0
nan,nan,nan,nan,0,0.002328,0.001728,0.0007,0
nan,nan,nan,nan,0,0.002331,0.001731,0.0007,0
nan,nan,nan,nan,0,0.002334,0.001734,0.0007,0
nan,nan,nan,nan,0,0.002337,0.001737,0.0007,0
nan,nan,nan,nan,0,0.00234,0.00174,0.0007,0
nan,nan,nan,nan,0,0.002343,0.001743,0.0007,0
nan,nan,nan,nan,0,0.002346,0.001746,0.0007,0
nan,nan,nan,nan,0,0.002349,0.001749,0.0007,0
nan,nan,nan,nan,0,0.002352,0.001752,0.0007,0
nan,nan,nan,nan,0,0.002355,0.001755,0.0007,0
nan,nan,nan,nan,0,0.002358,0.001758,0.0007,0
nan,nan,nan,nan,0,0.002361,0.001761,0.0007,0
nan,nan,nan,nan,0,0.002364,0.001764,0.0007,0
nan,nan,nan,nan,0,0.002367,0.001767,0.0007,0
nan,nan,nan,nan,0,0.00237,0.00177,0.0007,0
nan,nan,nan,nan,0,0.002373,0.001773,0.0007,0
nan,nan,nan,nan,0,0.002376,0.001776,0.0007,0
nan,nan,nan,nan,0,0.002379,0.001779,0.0007,0
0.861,9.1548e-09,3.6219e-10,6.2098e-28,1,0.002382,0.001782,0.0007,0
0.86203,3.8684e-08,5.905e-09,-7.1216e-29,1,0.002385,0.001785,0.0007,0
0.86352,8.9898e-08,6.0548e-09,-1.914e-27,1,0.002388,0.001788,0.0007,0
0.86542,1.5979e-07,7.9737e-09,-5.3039e-28,1,0.002391,0.001791,0.0007,0
0.86766,2.4487e-07,1.0055e-08,1.5184e-27,1,0.002394,0.001794,0.0007,0
0.87006,3.4179e-07,1.1111e-08,9.402e-28,1,0.002397,0.001797,0.0007,0
0.87252,4.4797e-07,1.3654e-08,-1.2541e-28,1,0.0024,0.0018,0.0007,0
0.87494,5.6117e-07,1.4937e-08,3.1336e-28,1,0.002403,0.001803,0.0007,0
0.87728,6.7922e-07,1.7384e-08,-6.8091e-28,1,0.002406,0.001806,0.0007,0
0.87946,8.0043e-07,1.914e-08,-4.2934e-28,1,0.002409,0.001809,0.0007,0
0.88152,9.2317e-07,2.1184e-08,3.4838e-28,1,0.002412,0.001812,0.0007,0
0.8834,1.0462e-06,2.2869e-08,3.115e-28,1,0.002415,0.001815,0.0007,0
0.8851,1.1684e-06,2.4449e-08,-2.3739e-29,1,0.002418,0.001818,0.0007,0
0.88679,1.2893e-06,2.6118e-08,-9.012e-28,1,0.002421,0.001821,0.0007,0
0.888,1.405e-06,2.8156e-08,-2.3021e-28,1,0.002424,0.001824,0.0007,0
0.88891,1.5193e-06,2.9178e-08,4.611e-28,1,0.002427,0.001827,0.0007,0
0.89031,1.632e-06,3.4282e-08,-1.0885e-27,1,0.00243,0.00183,0.0007,0
0.89184,1.7409e-06,3.4046e-08,2.3446e-28,1,0.002433,0.001833,0.0007,0
0.89238,1.8428e-06,3.6206e-08,3.4352e-29,1,0.002436,0.001836,0.0007,0
0.89288,1.9415e-06,3.7457e-08,-9.8973e-28,1,0.002439,0.001839,0.0007,0
0.89355,2.0361e-06,3.9069e-08,-3.4355e-28,1,0.002442,0.001842,0.0007,0
0.89422,2.1265e-06,4.0556e-08,7.7205e-29,1,0.002445,0.001845,0.0007,0
0.89477,2.2124e-06,4.215e-08,-3.2646e-29,1,0.002448,0.001848,0.0007,0
0.8952,2.2937e-06,4.381e-08,-9.0751e-29,1,0.002451,0.001851,0.0007,0
0.89553,2.3706e-06,4.5905e-08,1.2408e-28,1,0.002454,0.001854,0.0007,0
0.89581,2.4433e-06,4.7014e-08,2.099e-28,1,0.002457,0.001857,0.0007,0
0.89601,2.5118e-06,4.8562e-08,6.1775e-29,1,0.00246,0.00186,0.0007,0
0.89613,2.5761e-06,5.0113e-08,-7.7219e-29,1,0.002463,0.001863,0.0007,0
0.89616,2.6365e-06,5.2311e-08,-9.2984e-30,1,0.002466,0.001866,0.0007,0
0.89619,2.6934e-06,5.3073e-08,3.1441e-29,1,0.002469,0.001869,0.0007,0
0.89614,2.7466e-06,5.4499e-08,2.9684e-29,1,0.002472,0.001872,0.0007,0
0.89598,2.7962e-06,5.681e-08,-3.1287e-29,1,0.002475,0.001875,0.0007,0
0.89587,2.8428e-06,5.7259e-08,1.2291e-29,1,0.002478,0.001878,0.0007,0
0.8956,2.886e-06,5.9175e-08,-3.3939e-29,1,0.002481,0.001881,0.0007,0
0.89537,2.9265e-06,5.9856e-08,2.5411e-29,1,0.002484,0.001884,0.0007,0
0.89502,2.9641e-06,6.0969e-08,-4.2814e-30,1,0.002487,0.001887,0.0007,0
0.89455,2.9986e-06,6.2087e-08,-3.9211e-29,1,0.00249,0.00189,0.0007,0
0.89417,3.0314e-06,6.2268e-08,2.6386e-28,1,0.002493,0.001893,0.0007,0
0.89353,3.0613e-06,6.2535e-08,-6.6419e-29,1,0.002496,0.001896,0.0007,0
0.89348,3.0893e-06,6.4793e-08,-2.6756e-28,1,0.002499,0.001899,0.0007,0
0.89284,3.1138e-06,6.5581e-08,-5.0735e-29,1,0.002502,0.001902,0.0007,0
0.89213,3.1374e-06,6.5931e-08,-5.2651e-29,1,0.002505,0.001905,0.0007,0
0.89144,3.1594e-06,6.6888e-08,-5.6189e-29,1,0.002508,0.001908,0.0007,0
0.89073,3.1797e-06,6.8028e-08,-2.4865e-29,1,0.002511,0.001911,0.0007,0
0.89002,3.1984e-06,6.8435e-08,6.5016e-31,1,0.002514,0.001914,0.0007,0
0.88927,3.2156e-06,6.9162e-08,-2.0111e-31,1,0.002517,0.001917,0.0007,0
0.8885,3.2313e-06,6.9678e-08,-8.9756e-31,1,0.00252,0.00192,0.0007,0
0.8877,3.2457e-06,6.9952e-08,-9.0103e-31,1,0.002523,0.001923,0.0007,0
0.88685,3.2588e-06,7.0684e-08,-1.072e-30,1,0.002526,0.001926,0.0007,0
0.88598,3.2709e-06,7.0883e-08,-4.0258e-31,1,0.002529,0.001929,0.0007,0
0.88507,3.2819e-06,7.1477e-08,1.4177e-31,1,0.002532,0.001932,0.0007,0
0.88413,3.2919e-06,7.1605e-08,3.5343e-31,1,0.002535,0.001935,0.0007,0
0.88316,3.3011e-06,7.2029e-08,1.3976e-30,1,0.002538,0.001938,0.0007,0
0.88216,3.3094e-06,7.2123e-08,6.1942e-31,1,0.002541,0.001941,0.0007,0
0.88113,3.3168e-06,7.2153e-08,-2.048e-30,1,0.002544,0.001944,0.0007,0
0.88006,3.3236e-06,7.2304e-08,-9.77e-31,1,0.002547,0.001947,0.0007,0
0.87896,3.3296e-06,7.2527e-08,-7.6344e-31,1,0.00255,0.00195,0.0007,0
0.87783,3.3351e-06,7.2468e-08,-1.5714e-30,1,0.002553,0.001953,0.0007,0
0.87667,3.34e-06,7.2573e-08,-1.834e-30,1,0.002556,0.001956,0.0007,0
0.87549,3.3444e-06,7.2454e-08,-7.9459e-31,1,0.002559,0.001959,0.0007,0
0.87427,3.3482e-06,7.2303e-08,-8.686e-31,1,0.002562,0.001962,0.0007,0
0.87303,3.3516e-06,7.2196e-08,-1.02e-30,1,0.002565,0.001965,0.0007,0
0.87175,3.3546e-06,7.2115e-08,8.5528e-31,1,0.002568,0.001968,0.0007,0
0.87046,3.3572e-06,7.1871e-08,5.0284e-31,1,0.002571,0.001971,0.0007,0
0.86913,3.3595e-06,7.1714e-08,-2.9594e-30,1,0.002574,0.001974,0.0007,0
0.86779,3.3614e-06,7.1408e-08,-4.5116e-30,1,0.002577,0.001977,0.0007,0
0.86645,3.3631e-06,7.1054e-08,1.0722e-29,1,0.00258,0.00198,0.0007,0
0.86508,3.3644e-06,7.0737e-08,3.8237e-29,1,0.002583,0.001983,0.0007,0
0.86366,3.3655e-06,7.0485e-08,4.7077e-29,1,0.002586,0.001986,0.0007,0
0.86235,3.3664e-06,7.0041e-08,1.2733e-29,1,0.002589,0.001989,0.0007,0
0.86088,3.3671e-06,6.962e-08,1.2337e-29,1,0.002592,0.001992,0.0007,0
0.85934,3.3675e-06,6.9146e-08,3.0627e-29,1,0.002595,0.001995,0.0007,0
0.85774,3.3678e-06,6.8835e-08,2.8929e-29,1,0.002598,0.001998,0.0007,0
0.8561,3.3679e-06,6.8292e-08,-1.6244e-29,1,0.002601,0.002001,0.0007,0
0.85444,3.3679e-06,6.7807e-08,-2.2018e-29,1,0.002604,0.002004,0.0007,0
0.85275,3.3677e-06,6.7268e-08,-2.4215e-29,1,0.002607,0.002007,0.0007,0
0.85105,3.3674e-06,6.6764e-08,-1.5396e-29,1,0.00261,0.00201,0.0007,0
0.84933,3.367e-06,6.6281e-08,4.3823e-31,1,0.002613,0.002013,0.0007,0
0.84757,3.3665e-06,6.5696e-08,2.6501e-29,1,0.002616,0.002016,0.0007,0
0.84578,3.3659e-06,6.5108e-08,-6.3786e-30,1,0.002619,0.002019,0.0007,0
0.84396,3.3652e-06,6.4528e-08,-3.4315e-30,1,0.002622,0.002022,0.0007,0
0.84212,3.3645e-06,6.394e-08,4.46e-30,1,0.002625,0.002025,0.0007,0
0.84025,3.3637e-06,6.3342e-08,6.7626e-30,1,0.002628,0.002028,0.0007,0
0.83836,3.3629e-06,6.2721e-08,-1.4554e-29,1,0.002631,0.002031,0.0007,0
0.83643,3.362e-06,6.209e-08,-4.6348e-30,1,0.002634,0.002034,0.0007,0
0.83447,3.361e-06,6.1459e-08,2.3651e-30,1,0.002637,0.002037,0.0007,0
0.83248,3.3601e-06,6.083e-08,4.0502e-30,1,0.00264,0.00204,0.0007,0
0.83047,3.3591e-06,6.0173e-08,2.5601e-30,1,0.002643,0.002043,0.0007,0
0.82841,3.358e-06,5.9511e-08,1.4388e-29,1,0.002646,0.002046,0.0007,0
0.82633,3.357e-06,5.8851e-08,1.6097e-29,1,0.002649,0.002049,0.0007,0
0.82422,3.3559e-06,5.8186e-08,9.0277e-30,1,0.002652,0.002052,0.0007,0
0.82208,3.3548e-06,5.7514e-08,1.517e-30,1,0.002655,0.002055,0.0007,0
0.8199,3.3537e-06,5.6837e-08,3.0432e-30,1,0.002658,0.002058,0.0007,0
0.81768,3.3526e-06,5.6153e-08,-1.4158e-29,1,0.002661,0.002061,0.0007,0
0.81545,3.3515e-06,5.5464e-08,-3.1771e-29,1,0.002664,0.002064,0.0007,0
0.81318,3.3504e-06,5.4767e-08,-1.4343e-29,1,0.002667,0.002067,0.0007,0
0.81087,3.3493e-06,5.4067e-08,7.8681e-30,1,0.00267,0.00207,0.0007,0
0.80855,3.3483e-06,5.3362e-08,1.3173e-29,1,0.002673,0.002073,0.0007,0
0.8062,3.3472e-06,5.2654e-08,1.5559e-30,1,0.002676,0.002076,0.0007,0
0.80382,3.3461e-06,5.1944e-08,4.6946e-30,1,0.002679,0.002079,0.0007,0
0.80141,3.345e-06,5.1231e-08,5.4512e-30,1,0.002682,0.002082,0.0007,0
0.79897,3.344e-06,5.0517e-08,2.5417e-30,1,0.002685,0.002085,0.0007,0
0.79651,3.3429e-06,4.9804e-08,-6.4705e-30,1,0.002688,0.002088,0.0007,0
0.794,3.3419e-06,4.9088e-08,-6.4569e-30,1,0.002691,0.002091,0.0007,0
0.79148,3.3409e-06,4.8375e-08,-2.3457e-30,1,0.002694,0.002094,0.0007,0
0.78892,3.3399e-06,4.7661e-08,3.4892e-30,1,0.002697,0.002097,0.0007,0
0.78633,3.339e-06,4.6951e-08,-3.3399e-30,1,0.0027,0.0021,0.0007,0
0.78371,3.338e-06,4.6241e-08,-2.8169e-30,1,0.002703,0.002103,0.0007,0
0.78107,3.3371e-06,4.5536e-08,8.0051e-31,1,0.002706,0.002106,0.0007,0
0.7784,3.3362e-06,4.4834e-08,4.5951e-30,1,0.002709,0.002109,0.0007,0
0.77568,3.3353e-06,4.4132e-08,3.7309e-30,1,0.002712,0.002112,0.0007,0
0.77295,3.3345e-06,4.3437e-08,2.135e-30,1,0.002715,0.002115,0.0007,0
0.77019,3.3336e-06,4.2745e-08,-2.8161e-31,1,0.002718,0.002118,0.0007,0
0.76739,3.3328e-06,4.2059e-08,-3.8176e-31,1,0.002721,0.002121,0.0007,0
0.76456,3.332e-06,4.1375e-08,-1.5053e-30,1,0.002724,0.002124,0.0007,0
0.76171,3.3312e-06,4.0692e-08,-3.8129e-30,1,0.002727,0.002127,0.0007,0
0.75882,3.3305e-06,4.002e-08,-3.9225e-30,1,0.00273,0.00213,0.0007,0
0.7559,3.3298e-06,3.935e-08,-2.0346e-30,1,0.002733,0.002133,0.0007,0
0.75296,3.3291e-06,3.8689e-08,1.3603e-30,1,0.002736,0.002136,0.0007,0
0.74998,3.3284e-06,3.8035e-08,9.6015e-31,1,0.002739,0.002139,0.0007,0
0.74697,3.3278e-06,3.7383e-08,1.6775e-30,1,0.002742,0.002142,0.0007,0
0.74393,3.3272e-06,3.673e-08,6.8573e-31,1,0.002745,0.002145,0.0007,0
0.74086,3.3266e-06,3.6095e-08,-6.4698e-30,1,0.002748,0.002148,0.0007,0
0.73774,3.326e-06,3.5467e-08,7.0467e-30,1,0.002751,0.002151,0.0007,0
0.7346,3.3255e-06,3.484e-08,1.342e-29,1,0.002754,0.002154,0.0007,0
0.73142,3.3249e-06,3.4222e-08,1.6448e-30,1,0.002757,0.002157,0.0007,0
0.72834,3.3244e-06,3.3607e-08,1.8829e-29,1,0.00276,0.00216,0.0007,0
0.72526,3.324e-06,3.3016e-08,2.6554e-29,1,0.002763,0.002163,0.0007,0
0.72228,3.3235e-06,3.2426e-08,2.9703e-29,1,0.002766,0.002166,0.0007,0
0.71889,3.3231e-06,3.1837e-08,7.8322e-30,1,0.002769,0.002169,0.0007,0
0.71551,3.3227e-06,3.1275e-08,-8.5581e-30,1,0.002772,0.002172,0.0007,0
0.71211,3.3223e-06,3.0706e-08,2.9794e-30,1,0.002775,0.002175,0.0007,0
0.70869,3.322e-06,3.0133e-08,9.1015e-30,1,0.002778,0.002178,0.0007,0
0.70526,3.3216e-06,2.9569e-08,1.429e-30,1,0.002781,0.002181,0.0007,0
0.70182,3.3213e-06,2.9019e-08,6.9204e-30,1,0.002784,0.002184,0.0007,0
0.69835,3.3211e-06,2.8467e-08,1.2314e-29,1,0.002787,0.002187,0.0007,0
0.69486,3.3208e-06,2.7922e-08,1.4663e-29,1,0.00279,0.00219,0.0007,0
0.69135,3.3205e-06,2.7394e-08,-3.5883e-30,1,0.002793,0.002193,0.0007,0
0.68781,3.3203e-06,2.6866e-08,-1.7623e-29,1,0.002796,0.002196,0.0007,0
0.68426,3.3201e-06,2.6344e-08,-9.7734e-30,1,0.002799,0.002199,0.0007,0
0.68068,3.3199e-06,2.5833e-08,-1.8038e-30,1,0.002802,0.002202,0.0007,0
0.67708,3.3198e-06,2.5327e-08,4.9928e-30,1,0.002805,0.002205,0.0007,0
0.67345,3.3196e-06,2.4828e-08,3.3291e-30,1,0.002808,0.002208,0.0007,0
0.6698,3.3195e-06,2.4339e-08,-3.345e-31,1,0.002811,0.002211,0.0007,0
0.66613,3.3194e-06,2.3854e-08,-5.0231e-30,1,0.002814,0.002214,0.0007,0
0.66243,3.3193e-06,2.3378e-08,-6.395e-31,1,0.002817,0.002217,0.0007,0
0.65872,3.3193e-06,2.291e-08,1.1365e-30,1,0.00282,0.00222,0.0007,0
0.65498,3.3192e-06,2.2447e-08,1.409e-32,1,0.002823,0.002223,0.0007,0
0.65121,3.3192e-06,2.1995e-08,-2.0256e-30,1,0.002826,0.002226,0.0007,0
0.64743,3.3191e-06,2.1548e-08,-3.1709e-30,1,0.002829,0.002229,0.0007,0
0.64362,3.3192e-06,2.1109e-08,-1.3782e-30,1,0.002832,0.002232,0.0007,0
0.63979,3.3192e-06,2.0678e-08,1.1722e-30,1,0.002835,0.002235,0.0007,0
0.63594,3.3192e-06,2.0253e-08,3.9179e-30,1,0.002838,0.002238,0.0007,0
0.63207,3.3193e-06,1.9838e-08,2.3993e-30,1,0.002841,0.002241,0.0007,0
0.62817,3.3193e-06,1.9429e-08,8.4943e-31,1,0.002844,0.002244,0.0007,0
0.62426,3.3194e-06,1.9026e-08,-8.2946e-31,1,0.002847,0.002247,0.0007,0
0.62032,3.3195e-06,1.8634e-08,-6.239e-31,1,0.00285,0.00225,0.0007,0
0.61637,3.3196e-06,1.8246e-08,-7.7041e-32,1,0.002853,0.002253,0.0007,0
0.6124,3.3197e-06,1.7868e-08,-3.7553e-31,1,0.002856,0.002256,0.0007,0
0.60841,3.3199e-06,1.7497e-08,-6.3438e-31,1,0.002859,0.002259,0.0007,0
0.6044,3.32e-06,1.7132e-08,-9.6597e-31,1,0.002862,0.002262,0.0007,0
0.60037,3.3202e-06,1.6778e-08,-1.292e-30,1,0.002865,0.002265,0.0007,0
0.59633,3.3203e-06,1.6428e-08,-1.345e-30,1,0.002868,0.002268,0.0007,0
0.59228,3.3205e-06,1.6089e-08,-6.6593e-31,1,0.002871,0.002271,0.0007,0
0.58821,3.3207e-06,1.5756e-08,-7.6595e-31,1,0.002874,0.002274,0.0007,0
0.58413,3.3209e-06,1.543e-08,-1.4269e-30,1,0.002877,0.002277,0.0007,0
0.58003,3.3212e-06,1.5113e-08,-1.8126e-30,1,0.00288,0.00228,0.0007,0
0.57592,3.3214e-06,1.4802e-08,-2.1129e-30,1,0.002883,0.002283,0.0007,0
0.57179,3.3216e-06,1.4501e-08,-2.3713e-30,1,0.002886,0.002286,0.0007,0
0.56765,3.3219e-06,1.4204e-08,-3.0599e-30,1,0.002889,0.002289,0.0007,0
0.5635,3.3221e-06,1.3916e-08,-4.2152e-30,1,0.002892,0.002292,0.0007,0
0.55933,3.3224e-06,1.3638e-08,-1.4363e-30,1,0.002895,0.002295,0.0007,0
0.55515,3.3227e-06,1.3362e-08,1.6476e-30,1,0.002898,0.002298,0.0007,0
0.55096,3.323e-06,1.3099e-08,5.3365e-31,1,0.002901,0.002301,0.0007,0
0.54675,3.3233e-06,1.2839e-08,-2.703e-31,1,0.002904,0.002304,0.0007,0
0.54254,3.3236e-06,1.2589e-08,-1.4287e-30,1,0.002907,0.002307,0.0007,0
0.53831,3.3239e-06,1.2345e-08,2.4626e-31,1,0.00291,0.00231,0.0007,0
0.53408,3.3242e-06,1.2108e-08,3.5727e-30,1,0.002913,0.002313,0.0007,0
0.52984,3.3246e-06,1.188e-08,3.8379e-30,1,0.002916,0.002316,0.0007,0
0.52559,3.3249e-06,1.1655e-08,3.9066e-30,1,0.002919,0.002319,0.0007,0
0.52133,3.3252e-06,1.1444e-08,4.916e-30,1,0.002922,0.002322,0.0007,0
0.51706,3.3256e-06,1.1235e-08,4.8235e-30,1,0.002925,0.002325,0.0007,0
0.51279,3.3259e-06,1.1036e-08,3.703e-30,1,0.002928,0.002328,0.0007,0
0.50851,3.3263e-06,1.0843e-08,8.001e-31,1,0.002931,0.002331,0.0007,0
0.50423,3.3267e-06,1.0658e-08,-3.3395e-30,1,0.002934,0.002334,0.0007,0
0.49994,3.327e-06,1.0478e-08,-3.7676e-30,1,0.002937,0.002337,0.0007,0
0.49564,3.3274e-06,1.0306e-08,-4.718e-30,1,0.00294,0.00234,0.0007,0
0.49134,3.3278e-06,1.0146e-08,-1.0192e-30,1,0.002943,0.002343,0.0007,0
0.48704,3.3282e-06,9.9857e-09,2.5021e-31,1,0.002946,0.002346,0.0007,0
0.48274,3.3286e-06,9.8389e-09,-4.607e-32,1,0.002949,0.002349,0.0007,0
0.47843,3.329e-06,9.6951e-09,3.3571e-30,1,0.002952,0.002352,0.0007,0
0.47413,3.3294e-06,9.5622e-09,1.1826e-29,1,0.002955,0.002355,0.0007,0
0.46982,3.3298e-06,9.4343e-09,1.4777e-29,1,0.002958,0.002358,0.0007,0
0.46551,3.3302e-06,9.3149e-09,6.3625e-30,1,0.002961,0.002361,0.0007,0
0.46121,3.3306e-06,9.2038e-09,-3.3531e-30,1,0.002964,0.002364,0.0007,0
0.4569,3.331e-06,9.0956e-09,-1.3904e-29,1,0.002967,0.002367,0.0007,0
0.45259,3.3314e-06,8.9972e-09,-1.0883e-29,1,0.00297,0.00237,0.0007,0
0.44829,3.3319e-06,8.904e-09,-1.5471e-30,1,0.002973,0.002373,0.0007,0
0.44399,3.3323e-06,8.819e-09,2.2538e-30,1,0.002976,0.002376,0.0007,0
0.43969,3.3327e-06,8.7421e-09,4.349e-30,1,0.002979,0.002379,0.0007,0
0.43541,3.3331e-06,8.6807e-09,1.3381e-29,1,0.002982,0.002382,0.0007,0
0.43104,3.3336e-06,8.6206e-09,1.3662e-29,1,0.002985,0.002385,0.0007,0
0.42677,3.334e-06,8.5741e-09,2.5974e-30,1,0.002988,0.002388,0.0007,0
0.42209,3.3345e-06,8.5173e-09,5.3848e-30,1,0.002991,0.002391,0.0007,0
0.41747,3.335e-06,8.4623e-09,3.6572e-30,1,0.002994,0.002394,0.0007,0
0.4145,3.3353e-06,8.4449e-09,1.6971e-30,1,0.002997,0.002397,0.0007,0
0.41149,3.3356e-06,8.428e-09,0,1,0.003,0.0024,0.0007,0
